film_id,year,rating,liked,watched_date,url,title
337036,2024,,False,,https://letterboxd.com/film/wicked-2024,
844991,2024,,False,,https://letterboxd.com/film/here-2024,
1204869,2024,,False,,https://letterboxd.com/film/for-whats-worse,
992360,2024,,False,,https://letterboxd.com/film/smile-2-2024,
932739,2024,,False,,https://letterboxd.com/film/terrifier-3,
689133,2024,,False,,https://letterboxd.com/film/uglies,
1071196,2024,,False,,https://letterboxd.com/film/the-wild-robot,
622413,2024,,False,,https://letterboxd.com/film/transformers-one,
800858,2024,,False,,https://letterboxd.com/film/joker-folie-a-deux,
1119632,2024,,False,,https://letterboxd.com/film/piece-by-piece-2024,
823648,2024,,False,,https://letterboxd.com/film/beetlejuice-beetlejuice,
850459,2024,,False,,https://letterboxd.com/film/alien-romulus,
462870,2024,,False,,https://letterboxd.com/film/deadpool-wolverine,
931164,2024,,False,,https://letterboxd.com/film/trap-2024,
921578,2024,,False,,https://letterboxd.com/film/inside-out-2-2024,
1110059,2024,,False,,https://letterboxd.com/film/longlegs,
959540,2024,,False,,https://letterboxd.com/film/anora,
838140,2024,,False,,https://letterboxd.com/film/the-substance,
928261,2024,,False,,https://letterboxd.com/film/kinds-of-kindness,
520328,2024,,False,,https://letterboxd.com/film/megalopolis-2024,
578774,2024,,False,,https://letterboxd.com/film/kingdom-of-the-planet-of-the-apes,
842301,2024,,False,,https://letterboxd.com/film/challengers,
758397,2024,,False,,https://letterboxd.com/film/the-idea-of-you-2024,
911187,2024,,False,,https://letterboxd.com/film/kung-fu-panda-4,
560697,2024,,False,,https://letterboxd.com/film/madame-web,
617443,2024,,False,,https://letterboxd.com/film/dune-part-two,
913258,2024,,False,,https://letterboxd.com/film/a-real-pain,
966990,2023,,False,,https://letterboxd.com/film/anyone-but-you,
1071926,2023,,False,,https://letterboxd.com/film/renaissance-a-film-by-beyonce,
969676,2023,,False,,https://letterboxd.com/film/leo-2023,
845706,2023,,False,,https://letterboxd.com/film/godzilla-minus-one,
648869,2023,,False,,https://letterboxd.com/film/leave-the-world-behind-2023,
436948,2023,,False,,https://letterboxd.com/film/five-nights-at-freddys,
1046227,2023,,False,,https://letterboxd.com/film/taylor-swift-the-eras-tour,
856036,2023,,False,,https://letterboxd.com/film/saw-x,
813840,2023,,False,,https://letterboxd.com/film/society-of-the-snow,
871385,2023,,False,,https://letterboxd.com/film/the-nun-ii,
710352,2023,,False,,https://letterboxd.com/film/poor-things-2023,
755564,2023,,False,,https://letterboxd.com/film/the-holdovers,
835774,2023,,False,,https://letterboxd.com/film/saltburn,
1027383,2023,,False,,https://letterboxd.com/film/the-wonderful-world-of-mickey-mouse-steamboat-silly,
438692,2023,,False,,https://letterboxd.com/film/the-boy-and-the-heron,
784328,2023,,False,,https://letterboxd.com/film/oppenheimer-2023,
277064,2023,,False,,https://letterboxd.com/film/barbie,
602989,2023,,False,,https://letterboxd.com/film/sound-of-freedom,
970372,2023,,False,,https://letterboxd.com/film/carls-date,
1027831,2023,,False,,https://letterboxd.com/film/black-mirror-demon-79,
1027829,2023,,False,,https://letterboxd.com/film/black-mirror-mazey-day,
1027828,2023,,False,,https://letterboxd.com/film/black-mirror-beyond-the-sea,
1027819,2023,,False,,https://letterboxd.com/film/black-mirror-loch-henry,
1023411,2023,,False,,https://letterboxd.com/film/black-mirror-joan-is-awful,
795897,2023,,False,,https://letterboxd.com/film/no-hard-feelings-2023,
542583,2023,,False,,https://letterboxd.com/film/meg-2-the-trench,
497631,2023,,False,,https://letterboxd.com/film/spider-man-across-the-spider-verse,
878854,2023,,False,,https://letterboxd.com/film/elemental-2023,
668555,2023,,False,,https://letterboxd.com/film/asteroid-city,
461808,2023,,False,,https://letterboxd.com/film/the-boogeyman,
822093,2023,,False,,https://letterboxd.com/film/anatomy-of-a-fall,
1045447,2023,,False,,https://letterboxd.com/film/depp-v-heard,
754441,2023,,False,,https://letterboxd.com/film/may-december,
398009,2023,,False,,https://letterboxd.com/film/killers-of-the-flower-moon,
398800,2023,,False,,https://letterboxd.com/film/the-zone-of-interest,
379591,2023,,False,,https://letterboxd.com/film/the-little-mermaid-2023,
379711,2023,,False,,https://letterboxd.com/film/guardians-of-the-galaxy-vol-3,
715856,2023,,False,,https://letterboxd.com/film/beau-is-afraid,
432302,2023,,False,,https://letterboxd.com/film/the-super-mario-bros-movie,
591053,2023,,False,,https://letterboxd.com/film/past-lives,
1044220,2022,,False,,https://letterboxd.com/film/a-better-man-2022,
63058,2022,,False,,https://letterboxd.com/film/avatar-the-way-of-water,
242285,2022,,False,,https://letterboxd.com/film/puss-in-boots-the-last-wish,
908144,2022,,False,,https://letterboxd.com/film/talk-to-me-2022,
484263,2022,,False,,https://letterboxd.com/film/guillermo-del-toros-pinocchio,
793883,2022,,False,,https://letterboxd.com/film/smile-2022,
926280,2022,,False,,https://letterboxd.com/film/dahmer-monster-the-jeffrey-dahmer-story,
16530,2022,,False,,https://letterboxd.com/film/all-quiet-on-the-western-front-2022,
521323,2022,,False,,https://letterboxd.com/film/the-menu-2022,
462030,2022,,False,,https://letterboxd.com/film/pinocchio-2022,
690318,2022,,False,,https://letterboxd.com/film/limmensita,
703478,2022,,False,,https://letterboxd.com/film/the-whale-2022,
709299,2022,,False,,https://letterboxd.com/film/bones-and-all,
734096,2022,,False,,https://letterboxd.com/film/tar-2022,
588907,2022,,False,,https://letterboxd.com/film/terrifier-2,
926555,2022,,False,,https://letterboxd.com/film/portrait-of-god-2022,
897908,2022,,False,,https://letterboxd.com/film/piaffe,
895130,2022,,False,,https://letterboxd.com/film/skinamarink,
641961,2022,,False,,https://letterboxd.com/film/bullet-train,
682547,2022,,False,,https://letterboxd.com/film/nope,
371005,2022,,False,,https://letterboxd.com/film/minions-the-rise-of-gru,
542567,2022,,False,,https://letterboxd.com/film/spiderhead,
641574,2022,,False,,https://letterboxd.com/film/lightyear-2022,
760781,2022,,False,,https://letterboxd.com/film/fire-island-2022,
542032,2022,,False,,https://letterboxd.com/film/elvis-2022,
437050,2022,,False,,https://letterboxd.com/film/jurassic-world-dominion,
293465,2022,,False,,https://letterboxd.com/film/top-gun-maverick,
860168,2022,,False,,https://letterboxd.com/film/call-me-if-you-get-lost-live,
268366,2022,,False,,https://letterboxd.com/film/fantastic-beasts-the-secrets-of-dumbledore,
508037,2022,,False,,https://letterboxd.com/film/rrr,
673474,2022,,False,,https://letterboxd.com/film/the-lost-city-2022,
474474,2022,,False,,https://letterboxd.com/film/everything-everywhere-all-at-once,
348914,2022,,False,,https://letterboxd.com/film/the-batman,
438727,2022,,False,,https://letterboxd.com/film/turning-red,
581946,2022,,False,,https://letterboxd.com/film/jackass-forever,
513029,2022,,False,,https://letterboxd.com/film/hotel-transylvania-transformania,
809443,2022,,False,,https://letterboxd.com/film/harry-potter-20th-anniversary-return-to-hogwarts,
560787,2021,,False,,https://letterboxd.com/film/spider-man-no-way-home,
795755,2021,,False,,https://letterboxd.com/film/the-beatles-get-back,
371477,2021,,False,,https://letterboxd.com/film/sing-2,
466291,2021,,False,,https://letterboxd.com/film/tick-tick-boom-2021,
496592,2021,,False,,https://letterboxd.com/film/encanto,
790798,2021,,False,,https://letterboxd.com/film/dave-chappelle-the-closer,
677571,2021,,False,,https://letterboxd.com/film/the-black-phone,
787181,2021,,False,,https://letterboxd.com/film/squid-game,
508638,2021,,False,,https://letterboxd.com/film/venom-let-there-be-carnage,
496193,2021,,False,,https://letterboxd.com/film/dear-evan-hansen,
371378,2021,,False,,https://letterboxd.com/film/dune-2021,
488399,2021,,False,,https://letterboxd.com/film/the-green-knight,
707114,2021,,False,,https://letterboxd.com/film/lamb-2021,
471207,2021,,False,,https://letterboxd.com/film/the-french-dispatch,
513030,2021,,False,,https://letterboxd.com/film/escape-room-tournament-of-champions,
438722,2021,,False,,https://letterboxd.com/film/luca-2021,
399500,2021,,False,,https://letterboxd.com/film/in-the-heights,
356723,2021,,False,,https://letterboxd.com/film/the-conjuring-the-devil-made-me-do-it,
320000,2021,,False,,https://letterboxd.com/film/f9,
266676,2021,,False,,https://letterboxd.com/film/cruella,
605687,2021,,False,,https://letterboxd.com/film/north-hollywood-2021,
333825,2021,,False,,https://letterboxd.com/film/godzilla-vs-kong,
709530,2021,,False,,https://letterboxd.com/film/zack-snyders-justice-league,
645487,2021,,False,,https://letterboxd.com/film/malcolm-marie,
395731,2020,,False,,https://letterboxd.com/film/wonder-woman-1984,
668077,2020,,False,,https://letterboxd.com/film/the-queens-gambit,
438511,2020,,False,,https://letterboxd.com/film/soul-2020,
686732,2020,,False,,https://letterboxd.com/film/jujutsu-kaisen,
429945,2020,,False,,https://letterboxd.com/film/the-devil-all-the-time,
506032,2020,,False,,https://letterboxd.com/film/tenet,
334268,2020,,False,,https://letterboxd.com/film/the-spongebob-movie-sponge-on-the-run,
637150,2020,,False,,https://letterboxd.com/film/attack-on-titan-chronicle,
485309,2020,,False,,https://letterboxd.com/film/hamilton-2020,
613671,2020,,False,,https://letterboxd.com/film/smiling-friends,
266675,2020,,False,,https://letterboxd.com/film/mulan-2020,
450337,2020,,False,,https://letterboxd.com/film/a-quiet-place-part-ii,
499085,2020,,False,,https://letterboxd.com/film/the-invisible-man-2020,
485212,2020,,False,,https://letterboxd.com/film/emma-2020,
589346,2020,,False,,https://letterboxd.com/film/365-days-2020,
503889,2020,,False,,https://letterboxd.com/film/his-house,
581924,2020,,False,,https://letterboxd.com/film/the-social-dilemma,
386608,2020,,False,,https://letterboxd.com/film/sonic-the-hedgehog,
465978,2019,,False,,https://letterboxd.com/film/cats-2019,
131984,2019,,False,,https://letterboxd.com/film/star-wars-the-rise-of-skywalker,
259441,2019,,False,,https://letterboxd.com/film/little-women-2019,
460155,2019,,False,,https://letterboxd.com/film/1917,
258127,2019,,False,,https://letterboxd.com/film/frozen-2,
438751,2019,,False,,https://letterboxd.com/film/klaus,
268380,2019,,False,,https://letterboxd.com/film/zombieland-double-tap,
333203,2019,,False,,https://letterboxd.com/film/the-irishman-2019,
452596,2019,,False,,https://letterboxd.com/film/in-the-tall-grass-2019,
444600,2019,,False,,https://letterboxd.com/film/jojo-rabbit,
475370,2019,,False,,https://letterboxd.com/film/knives-out-2019,
545985,2019,,False,,https://letterboxd.com/film/the-platform,
432004,2019,,False,,https://letterboxd.com/film/sound-of-metal,
480099,2019,,False,,https://letterboxd.com/film/the-two-popes,
406775,2019,,False,,https://letterboxd.com/film/joker-2019,
404266,2019,,False,,https://letterboxd.com/film/uncut-gems,
422682,2019,,False,,https://letterboxd.com/film/marriage-story-2019,
405545,2019,,False,,https://letterboxd.com/film/it-chapter-two,
354539,2019,,False,,https://letterboxd.com/film/the-lion-king-2019,
459564,2019,,False,,https://letterboxd.com/film/midsommar,
450550,2019,,False,,https://letterboxd.com/film/annabelle-comes-home,
228628,2019,,False,,https://letterboxd.com/film/toy-story-4,
247385,2019,,False,,https://letterboxd.com/film/dark-phoenix,
532579,2019,,False,,https://letterboxd.com/film/black-mirror-rachel-jack-and-ashley-too,
532575,2019,,False,,https://letterboxd.com/film/black-mirror-smithereens,
532569,2019,,False,,https://letterboxd.com/film/black-mirror-striking-vipers,
309107,2019,,False,,https://letterboxd.com/film/godzilla-king-of-the-monsters-2019,
397859,2019,,False,,https://letterboxd.com/film/once-upon-a-time-in-hollywood,
426406,2019,,False,,https://letterboxd.com/film/parasite-2019,
460830,2019,,False,,https://letterboxd.com/film/portrait-of-a-lady-on-fire,
433863,2019,,False,,https://letterboxd.com/film/the-lighthouse-2019,
434482,2019,,False,,https://letterboxd.com/film/rocketman-2019,
354538,2019,,False,,https://letterboxd.com/film/aladdin-2019,
226660,2019,,False,,https://letterboxd.com/film/avengers-endgame,
613680,2019,,False,,https://letterboxd.com/film/demon-slayer-kimetsu-no-yaiba,
411312,2019,,False,,https://letterboxd.com/film/the-curse-of-la-llorona,
451296,2019,,False,,https://letterboxd.com/film/good-boys-2019,
257540,2019,,False,,https://letterboxd.com/film/dumbo-2019,
390520,2019,,False,,https://letterboxd.com/film/us-2019,
389637,2019,,False,,https://letterboxd.com/film/extremely-wicked-shockingly-evil-and-vile,
452190,2019,,False,,https://letterboxd.com/film/escape-room-2019,
123067,2019,,False,,https://letterboxd.com/film/how-to-train-your-dragon-the-hidden-world,
498044,2018,,False,,https://letterboxd.com/film/black-mirror-bandersnatch,
362365,2018,,False,,https://letterboxd.com/film/vice-2018,
251943,2018,,False,,https://letterboxd.com/film/spider-man-into-the-spider-verse,
411439,2018,,False,,https://letterboxd.com/film/creed-ii,
340202,2018,,False,,https://letterboxd.com/film/bird-box,
292688,2018,,False,,https://letterboxd.com/film/the-grinch,
268365,2018,,False,,https://letterboxd.com/film/fantastic-beasts-the-crimes-of-grindelwald,
338883,2018,,False,,https://letterboxd.com/film/ralph-breaks-the-internet,
523343,2018,,False,,https://letterboxd.com/film/other-side-of-the-box,
358222,2018,,False,,https://letterboxd.com/film/bohemian-rhapsody,
265438,2018,,False,,https://letterboxd.com/film/venom-2018,
357668,2018,,False,,https://letterboxd.com/film/apostle-2018,
420703,2018,,False,,https://letterboxd.com/film/green-book,
370451,2018,,False,,https://letterboxd.com/film/mid90s,
384058,2018,,False,,https://letterboxd.com/film/beautiful-boy-2018,
277351,2018,,False,,https://letterboxd.com/film/the-predator,
371842,2018,,False,,https://letterboxd.com/film/the-nun-2018,
422096,2018,,False,,https://letterboxd.com/film/at-eternitys-gate,
293066,2018,,False,,https://letterboxd.com/film/suspiria-2018,
261108,2018,,False,,https://letterboxd.com/film/a-star-is-born-2018,
310705,2018,,False,,https://letterboxd.com/film/the-favourite,
387238,2018,,False,,https://letterboxd.com/film/crazy-rich-asians,
354535,2018,,False,,https://letterboxd.com/film/christopher-robin,
276291,2018,,False,,https://letterboxd.com/film/the-meg,
334265,2018,,False,,https://letterboxd.com/film/hotel-transylvania-3-summer-vacation,
281529,2018,,False,,https://letterboxd.com/film/jurassic-world-fallen-kingdom,
184061,2018,,False,,https://letterboxd.com/film/incredibles-2,
330810,2018,,False,,https://letterboxd.com/film/under-the-silver-lake,
418135,2018,,False,,https://letterboxd.com/film/blackkklansman,
436873,2018,,False,,https://letterboxd.com/film/climax-2018,
278668,2018,,False,,https://letterboxd.com/film/solo-a-star-wars-story,
318195,2018,,False,,https://letterboxd.com/film/deadpool-2,
226661,2018,,False,,https://letterboxd.com/film/avengers-infinity-war,
444497,2018,,False,,https://letterboxd.com/film/bao-2018,
261866,2018,,False,,https://letterboxd.com/film/ready-player-one,
379687,2018,,False,,https://letterboxd.com/film/a-quiet-place-2018,
333448,2018,,False,,https://letterboxd.com/film/isle-of-dogs-2018,
227784,2018,,False,,https://letterboxd.com/film/annihilation,
209383,2018,,False,,https://letterboxd.com/film/black-panther,
424348,2018,,False,,https://letterboxd.com/film/hereditary,
420451,2018,,False,,https://letterboxd.com/film/eighth-grade,
425695,2017,,False,,https://letterboxd.com/film/black-mirror-black-museum,
425694,2017,,False,,https://letterboxd.com/film/black-mirror-metalhead,
425522,2017,,False,,https://letterboxd.com/film/black-mirror-hang-the-dj,
425685,2017,,False,,https://letterboxd.com/film/black-mirror-crocodile,
425518,2017,,False,,https://letterboxd.com/film/black-mirror-arkangel,
425514,2017,,False,,https://letterboxd.com/film/black-mirror-uss-callister,
335384,2017,,False,,https://letterboxd.com/film/phantom-thread,
131987,2017,,False,,https://letterboxd.com/film/star-wars-the-last-jedi,
243063,2017,,False,,https://letterboxd.com/film/the-greatest-showman,
395400,2017,,False,,https://letterboxd.com/film/blue-planet-ii,
107670,2017,,False,,https://letterboxd.com/film/justice-league,
225503,2017,,False,,https://letterboxd.com/film/jigsaw-2017,
285509,2017,,False,,https://letterboxd.com/film/coco-2017,
372701,2017,,False,,https://letterboxd.com/film/happy-death-day,
265439,2017,,False,,https://letterboxd.com/film/blade-runner-2049,
273979,2017,,False,,https://letterboxd.com/film/geralds-game,
273974,2017,,False,,https://letterboxd.com/film/kingsman-the-golden-circle,
198986,2017,,False,,https://letterboxd.com/film/the-lego-ninjago-movie,
366722,2017,,False,,https://letterboxd.com/film/the-ritual-2017,
316311,2017,,False,,https://letterboxd.com/film/mother-2017,
276819,2017,,False,,https://letterboxd.com/film/it-2017,
326279,2017,,False,,https://letterboxd.com/film/lady-bird,
333308,2017,,False,,https://letterboxd.com/film/the-shape-of-water,
281716,2017,,False,,https://letterboxd.com/film/death-note-2017,
313491,2017,,False,,https://letterboxd.com/film/the-emoji-movie,
310199,2017,,False,,https://letterboxd.com/film/dunkirk-2017,
206671,2017,,False,,https://letterboxd.com/film/war-for-the-planet-of-the-apes,
242710,2017,,False,,https://letterboxd.com/film/spider-man-homecoming,
330790,2017,,False,,https://letterboxd.com/film/annabelle-creation,
337665,2017,,False,,https://letterboxd.com/film/47-meters-down,
184062,2017,,False,,https://letterboxd.com/film/cars-3,
123066,2017,,False,,https://letterboxd.com/film/pirates-of-the-caribbean-dead-men-tell-no-tales,
328538,2017,,False,,https://letterboxd.com/film/the-florida-project,
333310,2017,,False,,https://letterboxd.com/film/the-killing-of-a-sacred-deer,
207340,2017,,False,,https://letterboxd.com/film/the-mummy-2017,
269341,2017,,False,,https://letterboxd.com/film/baywatch,
225027,2017,,False,,https://letterboxd.com/film/wonder-woman-2017,
663679,2017,,False,,https://letterboxd.com/film/history-of-the-entire-world-i-guess,
99144,2017,,False,,https://letterboxd.com/film/alien-covenant,
351914,2017,,False,,https://letterboxd.com/film/it-comes-at-night,
209322,2017,,False,,https://letterboxd.com/film/guardians-of-the-galaxy-vol-2,
266628,2017,,False,,https://letterboxd.com/film/the-fate-of-the-furious,
283209,2017,,False,,https://letterboxd.com/film/going-in-style-2017,
223050,2017,,False,,https://letterboxd.com/film/the-boss-baby,
307298,2017,,False,,https://letterboxd.com/film/the-disaster-artist,
358556,2017,,False,,https://letterboxd.com/film/how-to-be-a-latin-lover,
220080,2017,,False,,https://letterboxd.com/film/kong-skull-island,
186549,2017,,False,,https://letterboxd.com/film/logan-2017,
353117,2017,,False,,https://letterboxd.com/film/get-out-2017,
333029,2017,,False,,https://letterboxd.com/film/call-me-by-your-name,
287509,2016,,False,,https://letterboxd.com/film/why-him,
270177,2016,,False,,https://letterboxd.com/film/a-cure-for-wellness,
258128,2016,,False,,https://letterboxd.com/film/rogue-one-a-star-wars-story,
316312,2016,,False,,https://letterboxd.com/film/hidden-figures,
52504,2016,,False,,https://letterboxd.com/film/silence,
182910,2016,,False,,https://letterboxd.com/film/fantastic-beasts-and-where-to-find-them,
354468,2016,,False,,https://letterboxd.com/film/planet-earth-ii,
426149,2016,,False,,https://letterboxd.com/film/black-mirror-hated-in-the-nation,
426150,2016,,False,,https://letterboxd.com/film/black-mirror-men-against-fire,
425862,2016,,False,,https://letterboxd.com/film/black-mirror-shut-up-and-dance,
425860,2016,,False,,https://letterboxd.com/film/black-mirror-playtest,
422900,2016,,False,,https://letterboxd.com/film/black-mirror-nosedive,
478261,2016,,False,,https://letterboxd.com/film/black-mirror-san-junipero,
264335,2016,,False,,https://letterboxd.com/film/ouija-origin-of-evil,
354251,2016,,False,,https://letterboxd.com/film/terrifier-2016,
201909,2016,,False,,https://letterboxd.com/film/moana-2016,
229467,2016,,False,,https://letterboxd.com/film/snowden,
264336,2016,,False,,https://letterboxd.com/film/sing-2016,
251872,2016,,False,,https://letterboxd.com/film/hacksaw-ridge,
301040,2016,,False,,https://letterboxd.com/film/sully,
312205,2016,,False,,https://letterboxd.com/film/moonlight-2016,
240344,2016,,False,,https://letterboxd.com/film/la-la-land,
235388,2016,,False,,https://letterboxd.com/film/war-dogs-2016,
307684,2016,,False,,https://letterboxd.com/film/your-name,
243745,2016,,False,,https://letterboxd.com/film/the-purge-election-year,
182174,2016,,False,,https://letterboxd.com/film/the-legend-of-tarzan,
255661,2016,,False,,https://letterboxd.com/film/the-secret-life-of-pets,
333341,2016,,False,,https://letterboxd.com/film/piper,
99402,2016,,False,,https://letterboxd.com/film/finding-dory,
169126,2016,,False,,https://letterboxd.com/film/alice-through-the-looking-glass-2016,
327974,2016,,False,,https://letterboxd.com/film/raw-2016,
183255,2016,,False,,https://letterboxd.com/film/the-conjuring-2,
216301,2016,,False,,https://letterboxd.com/film/the-nice-guys,
172492,2016,,False,,https://letterboxd.com/film/x-men-apocalypse,
115168,2016,,False,,https://letterboxd.com/film/the-angry-birds-movie,
325841,2016,,False,,https://letterboxd.com/film/curve-2016,
203083,2016,,False,,https://letterboxd.com/film/the-jungle-book-2016,
157841,2016,,False,,https://letterboxd.com/film/sausage-party,
311962,2016,,False,,https://letterboxd.com/film/hush-2016,
192410,2016,,False,,https://letterboxd.com/film/zootopia,
220575,2016,,False,,https://letterboxd.com/film/deadpool,
257397,2016,,False,,https://letterboxd.com/film/zoolander-2,
263221,2016,,False,,https://letterboxd.com/film/manchester-by-the-sea,
107197,2016,,False,,https://letterboxd.com/film/kung-fu-panda-3,
248318,2016,,False,,https://letterboxd.com/film/the-boy-2016,
218114,2016,,False,,https://letterboxd.com/film/dirty-grandpa,
207224,2015,,False,,https://letterboxd.com/film/the-revenant-2015,
107418,2015,,False,,https://letterboxd.com/film/star-wars-the-force-awakens,
239260,2015,,False,,https://letterboxd.com/film/creed,
246013,2015,,False,,https://letterboxd.com/film/the-big-short,
85579,2015,,False,,https://letterboxd.com/film/the-good-dinosaur,
101990,2015,,False,,https://letterboxd.com/film/the-hunger-games-mockingjay-part-2,
119073,2015,,False,,https://letterboxd.com/film/hotel-transylvania-2,
233824,2015,,False,,https://letterboxd.com/film/the-danish-girl,
248773,2015,,False,,https://letterboxd.com/film/steve-jobs,
187975,2015,,False,,https://letterboxd.com/film/room-2015,
208761,2015,,False,,https://letterboxd.com/film/sinister-2,
145822,2015,,False,,https://letterboxd.com/film/the-man-from-uncle,
201340,2015,,False,,https://letterboxd.com/film/straight-outta-compton,
220545,2015,,False,,https://letterboxd.com/film/the-33,
83557,2015,,False,,https://letterboxd.com/film/ant-man,
150541,2015,,False,,https://letterboxd.com/film/minions,
104174,2015,,False,,https://letterboxd.com/film/jurassic-world,
205014,2015,,False,,https://letterboxd.com/film/insidious-chapter-3,
177941,2015,,False,,https://letterboxd.com/film/san-andreas,
113284,2015,,False,,https://letterboxd.com/film/inside-out-2015,
178123,2015,,False,,https://letterboxd.com/film/the-lobster,
62780,2015,,False,,https://letterboxd.com/film/mad-max-fury-road,
81605,2015,,False,,https://letterboxd.com/film/avengers-age-of-ultron,
498404,2015,,False,,https://letterboxd.com/film/llamageddon,
222958,2015,,False,,https://letterboxd.com/film/monkey-kingdom,
180874,2015,,False,,https://letterboxd.com/film/get-hard,
124133,2015,,False,,https://letterboxd.com/film/furious-7,
160533,2015,,False,,https://letterboxd.com/film/mcfarland-usa,
113380,2015,,False,,https://letterboxd.com/film/cinderella-2015,
153285,2015,,False,,https://letterboxd.com/film/fifty-shades-of-grey,
160505,2015,,False,,https://letterboxd.com/film/the-spongebob-movie-sponge-out-of-water,
234811,2015,,False,,https://letterboxd.com/film/the-stanford-prison-experiment,
169113,2015,,False,,https://letterboxd.com/film/the-boy-next-door-2015,
237177,2015,,False,,https://letterboxd.com/film/the-witch-2015,
187986,2015,,False,,https://letterboxd.com/film/ex-machina-2015,
161002,2014,,False,,https://letterboxd.com/film/the-interview-2014,
883131,2014,,False,,https://letterboxd.com/film/black-mirror-white-christmas,
148200,2014,,False,,https://letterboxd.com/film/kingsman-the-secret-service,
96552,2014,,False,,https://letterboxd.com/film/the-hobbit-the-battle-of-five-armies-extended,
73944,2014,,False,,https://letterboxd.com/film/big-eyes,
81811,2014,,False,,https://letterboxd.com/film/dumb-and-dumber-to,
137476,2014,,False,,https://letterboxd.com/film/american-sniper,
101991,2014,,False,,https://letterboxd.com/film/the-hunger-games-mockingjay-part-1,
194303,2014,,False,,https://letterboxd.com/film/penguins-of-madagascar-2014,
343911,2014,,False,,https://letterboxd.com/film/over-the-garden-wall-2014,
117621,2014,,False,,https://letterboxd.com/film/interstellar,
223418,2014,,False,,https://letterboxd.com/film/last-shift,
169860,2014,,False,,https://letterboxd.com/film/ouija,
129662,2014,,False,,https://letterboxd.com/film/big-hero-6,
160497,2014,,False,,https://letterboxd.com/film/fury-2014,
174952,2014,,False,,https://letterboxd.com/film/annabelle,
172076,2014,,False,,https://letterboxd.com/film/john-wick,
142549,2014,,False,,https://letterboxd.com/film/the-maze-runner,
190077,2014,,False,,https://letterboxd.com/film/the-theory-of-everything-2014,
172361,2014,,False,,https://letterboxd.com/film/tusk-2014,
169907,2014,,False,,https://letterboxd.com/film/nightcrawler,
146954,2014,,False,,https://letterboxd.com/film/the-imitation-game,
139795,2014,,False,,https://letterboxd.com/film/birdman-or-the-unexpected-virtue-of-ignorance,
180087,2014,,False,,https://letterboxd.com/film/as-above-so-below-2014,
93676,2014,,False,,https://letterboxd.com/film/guardians-of-the-galaxy,
168860,2014,,False,,https://letterboxd.com/film/lucy-2014,
201793,2014,,False,,https://letterboxd.com/film/unfriended,
167433,2014,,False,,https://letterboxd.com/film/the-purge-anarchy,
94394,2014,,False,,https://letterboxd.com/film/dawn-of-the-planet-of-the-apes,
76504,2014,,False,,https://letterboxd.com/film/transformers-age-of-extinction,
135120,2014,,False,,https://letterboxd.com/film/22-jump-street,
83424,2014,,False,,https://letterboxd.com/film/maleficent,
157543,2014,,False,,https://letterboxd.com/film/the-fault-in-our-stars,
69142,2014,,False,,https://letterboxd.com/film/how-to-train-your-dragon-2,
99507,2014,,False,,https://letterboxd.com/film/x-men-days-of-future-past,
98336,2014,,False,,https://letterboxd.com/film/godzilla-2014,
117582,2014,,False,,https://letterboxd.com/film/transcendence,
83215,2014,,False,,https://letterboxd.com/film/the-amazing-spider-man-2,
110120,2014,,False,,https://letterboxd.com/film/muppets-most-wanted,
140512,2014,,False,,https://letterboxd.com/film/neighbors-2014,
95113,2014,,False,,https://letterboxd.com/film/the-grand-budapest-hotel,
105188,2014,,False,,https://letterboxd.com/film/the-lego-movie,
71927,2014,,False,,https://letterboxd.com/film/boyhood,
169728,2014,,False,,https://letterboxd.com/film/the-babadook,
171384,2014,,False,,https://letterboxd.com/film/whiplash-2014,
159998,2014,,False,,https://letterboxd.com/film/paranormal-activity-the-marked-ones,
87949,2013,,False,,https://letterboxd.com/film/anchorman-2-the-legend-continues,
86114,2013,,False,,https://letterboxd.com/film/the-wolf-of-wall-street,
8983,2013,,False,,https://letterboxd.com/film/the-hobbit-the-desolation-of-smaug,
112956,2013,,False,,https://letterboxd.com/film/the-tale-of-the-princess-kaguya,
92619,2013,,False,,https://letterboxd.com/film/the-secret-life-of-walter-mitty-2013,
87948,2013,,False,,https://letterboxd.com/film/frozen-2013,
82488,2013,,False,,https://letterboxd.com/film/the-hunger-games-catching-fire,
62822,2013,,False,,https://letterboxd.com/film/thor-the-dark-world,
66563,2013,,False,,https://letterboxd.com/film/enders-game,
114564,2013,,False,,https://letterboxd.com/film/her,
179551,2013,,False,,https://letterboxd.com/film/hope-2013,
87944,2013,,False,,https://letterboxd.com/film/cloudy-with-a-chance-of-meatballs-2,
76658,2013,,False,,https://letterboxd.com/film/insidious-chapter-2,
125947,2013,,False,,https://letterboxd.com/film/the-green-inferno,
138220,2013,,False,,https://letterboxd.com/film/palo-alto,
106267,2013,,False,,https://letterboxd.com/film/were-the-millers,
64392,2013,,False,,https://letterboxd.com/film/the-smurfs-2,
62638,2013,,False,,https://letterboxd.com/film/the-wolverine,
150706,2013,,False,,https://letterboxd.com/film/instructions-not-included,
52508,2013,,False,,https://letterboxd.com/film/pacific-rim,
146780,2013,,False,,https://letterboxd.com/film/sharknado,
87869,2013,,False,,https://letterboxd.com/film/grown-ups-2,
77748,2013,,False,,https://letterboxd.com/film/despicable-me-2,
16091,2013,,False,,https://letterboxd.com/film/man-of-steel,
106262,2013,,False,,https://letterboxd.com/film/the-conjuring,
92621,2013,,False,,https://letterboxd.com/film/the-internship,
4553,2013,,False,,https://letterboxd.com/film/monsters-university,
87873,2013,,False,,https://letterboxd.com/film/this-is-the-end,
118110,2013,,False,,https://letterboxd.com/film/the-purge,
62065,2013,,False,,https://letterboxd.com/film/now-you-see-me,
87953,2013,,False,,https://letterboxd.com/film/the-hangover-part-iii,
285,2013,,False,,https://letterboxd.com/film/the-great-gatsby-2013,
52513,2013,,False,,https://letterboxd.com/film/iron-man-3,
135341,2013,,False,,https://letterboxd.com/film/asu-mare,
49432,2013,,False,,https://letterboxd.com/film/scary-movie-5,
87875,2013,,False,,https://letterboxd.com/film/42,
425691,2013,,False,,https://letterboxd.com/film/black-mirror-the-waldo-moment,
425690,2013,,False,,https://letterboxd.com/film/black-mirror-white-bear,
16093,2013,,False,,https://letterboxd.com/film/the-croods,
52506,2013,,False,,https://letterboxd.com/film/oz-the-great-and-powerful,
425689,2013,,False,,https://letterboxd.com/film/black-mirror-be-right-back,
91952,2013,,False,,https://letterboxd.com/film/jobs,
102309,2013,,False,,https://letterboxd.com/film/mama-2013,
52516,2012,,False,,https://letterboxd.com/film/django-unchained,
69149,2012,,False,,https://letterboxd.com/film/les-miserables-2012,
626829,2012,,False,,https://letterboxd.com/film/ending-the-knight,
16525,2012,,False,,https://letterboxd.com/film/the-hobbit-an-unexpected-journey,
67639,2012,,False,,https://letterboxd.com/film/rise-of-the-guardians,
15076,2012,,False,,https://letterboxd.com/film/the-twilight-saga-breaking-dawn-part-2,
69154,2012,,False,,https://letterboxd.com/film/wreck-it-ralph,
69455,2012,,False,,https://letterboxd.com/film/paranormal-activity-4,
90896,2012,,False,,https://letterboxd.com/film/pitch-perfect,
74348,2012,,False,,https://letterboxd.com/film/life-of-pi,
4550,2012,,False,,https://letterboxd.com/film/frankenweenie-2012,
69151,2012,,False,,https://letterboxd.com/film/silver-linings-playbook,
62912,2012,,False,,https://letterboxd.com/film/hotel-transylvania,
96109,2012,,False,,https://letterboxd.com/film/spring-breakers,
96083,2012,,False,,https://letterboxd.com/film/frances-ha,
52512,2012,,False,,https://letterboxd.com/film/the-master-2012,
16536,2012,,False,,https://letterboxd.com/film/the-bourne-legacy,
69068,2012,,False,,https://letterboxd.com/film/diary-of-a-wimpy-kid-dog-days,
72096,2012,,False,,https://letterboxd.com/film/step-up-revolution,
161091,2012,,False,,https://letterboxd.com/film/flatland-sphereland,
16550,2012,,False,,https://letterboxd.com/film/the-dark-knight-rises,
70737,2012,,False,,https://letterboxd.com/film/v-h-s,
64393,2012,,False,,https://letterboxd.com/film/magic-mike,
50677,2012,,False,,https://letterboxd.com/film/the-amazing-spider-man,
4586,2012,,False,,https://letterboxd.com/film/brave-2012,
66756,2012,,False,,https://letterboxd.com/film/madagascar-3-europes-most-wanted,
70105,2012,,False,,https://letterboxd.com/film/moonrise-kingdom,
62911,2012,,False,,https://letterboxd.com/film/the-dictator-2012,
23857,2012,,False,,https://letterboxd.com/film/men-in-black-3,
36778,2012,,False,,https://letterboxd.com/film/the-avengers-2012,
58486,2012,,False,,https://letterboxd.com/film/prometheus,
57150,2012,,False,,https://letterboxd.com/film/chimpanzee,
279,2012,,False,,https://letterboxd.com/film/21-jump-street,
59281,2012,,False,,https://letterboxd.com/film/the-hunger-games,
68956,2012,,False,,https://letterboxd.com/film/sinister,
60027,2012,,False,,https://letterboxd.com/film/the-lorax-2012,
8933,2012,,False,,https://letterboxd.com/film/project-x-2012,
62125,2012,,False,,https://letterboxd.com/film/act-of-valor,
1739,2012,,False,,https://letterboxd.com/film/the-woman-in-black-2012,
56943,2012,,False,,https://letterboxd.com/film/journey-2-the-mysterious-island,
425525,2011,,False,,https://letterboxd.com/film/black-mirror-the-entire-history-of-you,
10823,2011,,False,,https://letterboxd.com/film/alvin-and-the-chipmunks-chipwrecked,
425524,2011,,False,,https://letterboxd.com/film/black-mirror-fifteen-million-merits,
425523,2011,,False,,https://letterboxd.com/film/black-mirror-the-national-anthem,
7712,2011,,False,,https://letterboxd.com/film/sherlock-holmes-a-game-of-shadows,
1081,2011,,False,,https://letterboxd.com/film/happy-feet-two,
15077,2011,,False,,https://letterboxd.com/film/the-twilight-saga-breaking-dawn-part-1,
57601,2011,,False,,https://letterboxd.com/film/jack-and-jill,
603,2011,,False,,https://letterboxd.com/film/the-muppets,
351745,2011,,False,,https://letterboxd.com/film/puss-in-boots,
56921,2011,,False,,https://letterboxd.com/film/paranormal-activity-3,
20374,2011,,False,,https://letterboxd.com/film/hugo,
60898,2011,,False,,https://letterboxd.com/film/the-human-centipede-2-full-sequence,
15620,2011,,False,,https://letterboxd.com/film/the-help,
57791,2011,,False,,https://letterboxd.com/film/phineas-and-ferb-the-movie-across-the-2nd,
10387,2011,,False,,https://letterboxd.com/film/final-destination-5,
4948,2011,,False,,https://letterboxd.com/film/rise-of-the-planet-of-the-apes,
23525,2011,,False,,https://letterboxd.com/film/the-smurfs,
15051,2011,,False,,https://letterboxd.com/film/crazy-stupid-love,
44580,2011,,False,,https://letterboxd.com/film/harry-potter-and-the-deathly-hallows-part-2,
26241,2011,,False,,https://letterboxd.com/film/zookeeper,
26205,2011,,False,,https://letterboxd.com/film/transformers-dark-of-the-moon,
16560,2011,,False,,https://letterboxd.com/film/cars-2,
16164,2011,,False,,https://letterboxd.com/film/kung-fu-panda-2,
16074,2011,,False,,https://letterboxd.com/film/x-men-first-class,
19987,2011,,False,,https://letterboxd.com/film/the-hangover-part-ii,
3519,2011,,False,,https://letterboxd.com/film/the-skin-i-live-in,
61707,2011,,False,,https://letterboxd.com/film/the-artist,
57622,2011,,False,,https://letterboxd.com/film/we-need-to-talk-about-kevin,
50735,2011,,False,,https://letterboxd.com/film/pirates-of-the-caribbean-on-stranger-tides,
62006,2011,,False,,https://letterboxd.com/film/detachment,
15002,2011,,False,,https://letterboxd.com/film/grave-encounters,
14327,2011,,False,,https://letterboxd.com/film/fast-five,
14611,2011,,False,,https://letterboxd.com/film/winnie-the-pooh,
19122,2011,,False,,https://letterboxd.com/film/rio-2011,
6287,2011,,False,,https://letterboxd.com/film/diary-of-a-wimpy-kid-rodrick-rules,
10442,2011,,False,,https://letterboxd.com/film/bridesmaids,
15348,2011,,False,,https://letterboxd.com/film/mars-needs-moms,
20267,2011,,False,,https://letterboxd.com/film/battle-los-angeles,
13972,2011,,False,,https://letterboxd.com/film/limitless,
20307,2011,,False,,https://letterboxd.com/film/rango,
15143,2011,,False,,https://letterboxd.com/film/just-go-with-it,
19507,2011,,False,,https://letterboxd.com/film/gnomeo-juliet,
24179,2011,,False,,https://letterboxd.com/film/the-green-hornet,
25871,2010,,False,,https://letterboxd.com/film/gullivers-travels-2010,
202609,2010,,False,,https://letterboxd.com/film/family-guy-presents-its-a-trap,
25235,2010,,False,,https://letterboxd.com/film/little-fockers,
23524,2010,,False,,https://letterboxd.com/film/yogi-bear,
20908,2010,,False,,https://letterboxd.com/film/true-grit-2010,
38957,2010,,False,,https://letterboxd.com/film/tron-legacy,
25859,2010,,False,,https://letterboxd.com/film/tangled-2010,
44581,2010,,False,,https://letterboxd.com/film/harry-potter-and-the-deathly-hallows-part-1,
17062,2010,,False,,https://letterboxd.com/film/scared-shrekless,
26476,2010,,False,,https://letterboxd.com/film/megamind,
23593,2010,,False,,https://letterboxd.com/film/saw-3d,
14603,2010,,False,,https://letterboxd.com/film/open-season-3,
23596,2010,,False,,https://letterboxd.com/film/paranormal-activity-2,
17522,2010,,False,,https://letterboxd.com/film/bo-burnham-words-words-words,
41675,2010,,False,,https://letterboxd.com/film/jackass-3d,
118395,2010,,False,,https://letterboxd.com/film/les-miserables-25th-anniversary-in-concert,
26711,2010,,False,,https://letterboxd.com/film/the-social-network,
26254,2010,,False,,https://letterboxd.com/film/you-again,
19445,2010,,False,,https://letterboxd.com/film/fred-the-movie,
44265,2010,,False,,https://letterboxd.com/film/alpha-and-omega,
16556,2010,,False,,https://letterboxd.com/film/insidious,
16555,2010,,False,,https://letterboxd.com/film/submarine,
26770,2010,,False,,https://letterboxd.com/film/easy-a,
5363,2010,,False,,https://letterboxd.com/film/the-kings-speech,
21050,2010,,False,,https://letterboxd.com/film/127-hours,
20956,2010,,False,,https://letterboxd.com/film/black-swan,
24636,2010,,False,,https://letterboxd.com/film/vampires-suck,
16729,2010,,False,,https://letterboxd.com/film/scott-pilgrim-vs-the-animation,
23784,2010,,False,,https://letterboxd.com/film/step-up-3d,
25117,2010,,False,,https://letterboxd.com/film/cats-dogs-the-revenge-of-kitty-galore,
37833,2010,,False,,https://letterboxd.com/film/scott-pilgrim-vs-the-world,
21211,2010,,False,,https://letterboxd.com/film/flipped,
34396,2010,,False,,https://letterboxd.com/film/salt-2010,
23799,2010,,False,,https://letterboxd.com/film/legend-of-the-guardians-the-owls-of-gahoole,
34722,2010,,False,,https://letterboxd.com/film/inception,
28888,2010,,False,,https://letterboxd.com/film/predators,
46455,2010,,False,,https://letterboxd.com/film/the-last-airbender,
26196,2010,,False,,https://letterboxd.com/film/grown-ups,
37088,2010,,False,,https://letterboxd.com/film/the-twilight-saga-eclipse,
202865,2010,,False,,https://letterboxd.com/film/avatar-spirits,
46458,2010,,False,,https://letterboxd.com/film/toy-story-3,
26025,2010,,False,,https://letterboxd.com/film/the-karate-kid-2010,
39067,2010,,False,,https://letterboxd.com/film/despicable-me,
46459,2010,,False,,https://letterboxd.com/film/shrek-forever-after,
47057,2010,,False,,https://letterboxd.com/film/prince-of-persia-the-sands-of-time,
46511,2010,,False,,https://letterboxd.com/film/iron-man-2,
40075,2010,,False,,https://letterboxd.com/film/clash-of-the-titans-2010,
37565,2010,,False,,https://letterboxd.com/film/hot-tub-time-machine,
29947,2010,,False,,https://letterboxd.com/film/diary-of-a-wimpy-kid,
46460,2010,,False,,https://letterboxd.com/film/how-to-train-your-dragon,
60197,2010,,False,,https://letterboxd.com/film/a-serbian-film,
37354,2010,,False,,https://letterboxd.com/film/kick-ass,
44748,2010,,False,,https://letterboxd.com/film/alice-in-wonderland-2010,
24864,2010,,False,,https://letterboxd.com/film/birdemic-shock-and-terror,
45409,2010,,False,,https://letterboxd.com/film/shutter-island,
35607,2010,,False,,https://letterboxd.com/film/my-name-is-khan,
30171,2010,,False,,https://letterboxd.com/film/valentines-day,
30264,2010,,False,,https://letterboxd.com/film/percy-jackson-the-olympians-the-lightning-thief,
22776,2010,,False,,https://letterboxd.com/film/catfish,
37576,2010,,False,,https://letterboxd.com/film/tooth-fairy-2010,
37388,2009,,False,,https://letterboxd.com/film/alvin-and-the-chipmunks-the-squeakquel,
46144,2009,,False,,https://letterboxd.com/film/sherlock-holmes-2009,
39304,2009,,False,,https://letterboxd.com/film/avatar,
46453,2009,,False,,https://letterboxd.com/film/the-princess-and-the-frog,
37607,2009,,False,,https://letterboxd.com/film/old-dogs,
47942,2009,,False,,https://letterboxd.com/film/the-lovely-bones,
41354,2009,,False,,https://letterboxd.com/film/planet-51,
40480,2009,,False,,https://letterboxd.com/film/the-twilight-saga-new-moon,
34755,2009,,False,,https://letterboxd.com/film/gabriel-iglesias-im-not-fat-im-fluffy,
43769,2009,,False,,https://letterboxd.com/film/this-is-it-2009,
37687,2009,,False,,https://letterboxd.com/film/saw-vi,
41490,2009,,False,,https://letterboxd.com/film/astro-boy,
46344,2009,,False,,https://letterboxd.com/film/fantastic-mr-fox,
188372,2009,,False,,https://letterboxd.com/film/jackass-the-lost-tapes,
43301,2009,,False,,https://letterboxd.com/film/2012,
39352,2009,,False,,https://letterboxd.com/film/zombieland,
37696,2009,,False,,https://letterboxd.com/film/cloudy-with-a-chance-of-meatballs,
46011,2009,,False,,https://letterboxd.com/film/rec-2,
27252,2009,,False,,https://letterboxd.com/film/the-human-centipede-first-sequence,
35091,2009,,False,,https://letterboxd.com/film/wizards-of-waverly-place-the-movie,
44667,2009,,False,,https://letterboxd.com/film/9,
40860,2009,,False,,https://letterboxd.com/film/district-9,
39551,2009,,False,,https://letterboxd.com/film/g-force,
38544,2009,,False,,https://letterboxd.com/film/orphan,
51385,2009,,False,,https://letterboxd.com/film/harry-potter-and-the-half-blood-prince,
47781,2009,,False,,https://letterboxd.com/film/ice-age-dawn-of-the-dinosaurs,
40891,2009,,False,,https://letterboxd.com/film/year-one,
33853,2009,,False,,https://letterboxd.com/film/hachi-a-dogs-tale,
47769,2009,,False,,https://letterboxd.com/film/transformers-revenge-of-the-fallen,
40100,2009,,False,,https://letterboxd.com/film/the-hangover,
29041,2009,,False,,https://letterboxd.com/film/enter-the-void,
51583,2009,,False,,https://letterboxd.com/film/terminator-salvation,
40411,2009,,False,,https://letterboxd.com/film/night-at-the-museum-battle-of-the-smithsonian,
41352,2009,,False,,https://letterboxd.com/film/inglourious-basterds,
43302,2009,,False,,https://letterboxd.com/film/up,
50544,2009,,False,,https://letterboxd.com/film/x-men-origins-wolverine,
43582,2009,,False,,https://letterboxd.com/film/fast-furious,
42315,2009,,False,,https://letterboxd.com/film/monsters-vs-aliens,
43554,2009,,False,,https://letterboxd.com/film/race-to-witch-mountain,
41276,2009,,False,,https://letterboxd.com/film/17-again,
42554,2009,,False,,https://letterboxd.com/film/the-pink-panther-2,
42779,2009,,False,,https://letterboxd.com/film/coraline,
39350,2009,,False,,https://letterboxd.com/film/500-days-of-summer,
42994,2009,,False,,https://letterboxd.com/film/paul-blart-mall-cop,
46151,2009,,False,,https://letterboxd.com/film/bride-wars,
46449,2008,,False,,https://letterboxd.com/film/bedtime-stories,
46452,2008,,False,,https://letterboxd.com/film/the-tale-of-despereaux,
46450,2008,,False,,https://letterboxd.com/film/yes-man,
43083,2008,,False,,https://letterboxd.com/film/a-matter-of-loaf-and-death,
47469,2008,,False,,https://letterboxd.com/film/twilight-2008,
44189,2008,,False,,https://letterboxd.com/film/bolt,
46145,2008,,False,,https://letterboxd.com/film/madagascar-escape-2-africa,
44889,2008,,False,,https://letterboxd.com/film/saw-v,
44919,2008,,False,,https://letterboxd.com/film/high-school-musical-3-senior-year,
44723,2008,,False,,https://letterboxd.com/film/nick-and-norahs-infinite-playlist,
380641,2008,,False,,https://letterboxd.com/film/i-am-iron-man,
43675,2008,,False,,https://letterboxd.com/film/open-season-2,
43121,2008,,False,,https://letterboxd.com/film/beverly-hills-chihuahua,
38219,2008,,False,,https://letterboxd.com/film/the-brothers-bloom,
44613,2008,,False,,https://letterboxd.com/film/slumdog-millionaire,
43581,2008,,False,,https://letterboxd.com/film/disaster-movie,
44421,2008,,False,,https://letterboxd.com/film/the-house-bunny,
43688,2008,,False,,https://letterboxd.com/film/the-little-mermaid-ariels-beginning,
48030,2008,,False,,https://letterboxd.com/film/tropic-thunder,
44724,2008,,False,,https://letterboxd.com/film/star-wars-the-clone-wars,
46462,2008,,False,,https://letterboxd.com/film/pineapple-express,
44594,2008,,False,,https://letterboxd.com/film/ponyo,
51896,2008,,False,,https://letterboxd.com/film/the-dark-knight,
74826,2008,,False,,https://letterboxd.com/film/journey-to-the-center-of-the-earth-2008,
50817,2008,,False,,https://letterboxd.com/film/the-mummy-tomb-of-the-dragon-emperor,
45120,2008,,False,,https://letterboxd.com/film/mamma-mia,
45994,2008,,False,,https://letterboxd.com/film/walle,
44727,2008,,False,,https://letterboxd.com/film/the-love-guru,
43707,2008,,False,,https://letterboxd.com/film/camp-rock,
45088,2008,,False,,https://letterboxd.com/film/get-smart,
50827,2008,,False,,https://letterboxd.com/film/the-incredible-hulk,
46013,2008,,False,,https://letterboxd.com/film/you-dont-mess-with-the-zohan,
51839,2008,,False,,https://letterboxd.com/film/indiana-jones-and-the-kingdom-of-the-crystal-skull,
50242,2008,,False,,https://letterboxd.com/film/the-chronicles-of-narnia-prince-caspian,
47098,2008,,False,,https://letterboxd.com/film/kung-fu-panda,
42983,2008,,False,,https://letterboxd.com/film/the-boy-in-the-striped-pyjamas,
6198,2008,,False,,https://letterboxd.com/film/radiohead-in-rainbows-from-the-basement,
48018,2008,,False,,https://letterboxd.com/film/speed-racer,
50825,2008,,False,,https://letterboxd.com/film/iron-man-2008,
47900,2008,,False,,https://letterboxd.com/film/21,
44687,2008,,False,,https://letterboxd.com/film/horton-hears-a-who-2008,
47974,2008,,False,,https://letterboxd.com/film/10000-bc,
47804,2008,,False,,https://letterboxd.com/film/step-up-2-the-streets,
47858,2008,,False,,https://letterboxd.com/film/the-spiderwick-chronicles,
48106,2008,,False,,https://letterboxd.com/film/cloverfield,
51655,2007,,False,,https://letterboxd.com/film/aliens-vs-predator-requiem,
48298,2007,,False,,https://letterboxd.com/film/alvin-and-the-chipmunks,
48296,2007,,False,,https://letterboxd.com/film/i-am-legend,
50374,2007,,False,,https://letterboxd.com/film/the-golden-compass,
43517,2007,,False,,https://letterboxd.com/film/sweeney-todd-the-demon-barber-of-fleet-street-2007,
49280,2007,,False,,https://letterboxd.com/film/enchanted,
48791,2007,,False,,https://letterboxd.com/film/bee-movie,
51461,2007,,False,,https://letterboxd.com/film/saw-iv,
48044,2007,,False,,https://letterboxd.com/film/there-will-be-blood,
45922,2007,,False,,https://letterboxd.com/film/sydney-white,
49185,2007,,False,,https://letterboxd.com/film/across-the-universe,
37180,2007,,False,,https://letterboxd.com/film/paranormal-activity,
48051,2007,,False,,https://letterboxd.com/film/juno,
47803,2007,,False,,https://letterboxd.com/film/rec,
43713,2007,,False,,https://letterboxd.com/film/high-school-musical-2,
48244,2007,,False,,https://letterboxd.com/film/underdog,
50223,2007,,False,,https://letterboxd.com/film/the-bourne-ultimatum,
2684,2007,,False,,https://letterboxd.com/film/the-simpsons-movie,
45748,2007,,False,,https://letterboxd.com/film/earth,
49983,2007,,False,,https://letterboxd.com/film/hairspray-2007,
51449,2007,,False,,https://letterboxd.com/film/harry-potter-and-the-order-of-the-phoenix,
50742,2007,,False,,https://letterboxd.com/film/transformers,
50558,2007,,False,,https://letterboxd.com/film/ratatouille,
50631,2007,,False,,https://letterboxd.com/film/fantastic-four-rise-of-the-silver-surfer,
50146,2007,,False,,https://letterboxd.com/film/evan-almighty,
47188,2007,,False,,https://letterboxd.com/film/surfs-up,
51773,2007,,False,,https://letterboxd.com/film/pirates-of-the-caribbean-at-worlds-end,
48140,2007,,False,,https://letterboxd.com/film/no-country-for-old-men,
51342,2007,,False,,https://letterboxd.com/film/shrek-the-third,
266251,2007,,False,,https://letterboxd.com/film/spongebobs-atlantis-squarepantis-2007,
51559,2007,,False,,https://letterboxd.com/film/spider-man-3,
46682,2007,,False,,https://letterboxd.com/film/blades-of-glory,
47835,2007,,False,,https://letterboxd.com/film/disturbia,
51109,2007,,False,,https://letterboxd.com/film/tmnt,
51115,2007,,False,,https://letterboxd.com/film/meet-the-robinsons,
51114,2007,,False,,https://letterboxd.com/film/mr-beans-holiday,
47776,2007,,False,,https://letterboxd.com/film/superbad,
43417,2007,,False,,https://letterboxd.com/film/dead-silence,
50659,2007,,False,,https://letterboxd.com/film/zodiac,
49641,2007,,False,,https://letterboxd.com/film/the-number-23,
46850,2007,,False,,https://letterboxd.com/film/epic-movie,
266814,2007,,False,,https://letterboxd.com/film/flatland-2007,
285988,2007,,False,,https://letterboxd.com/film/adventure-time,
50941,2006,,False,,https://letterboxd.com/film/night-at-the-museum,
51061,2006,,False,,https://letterboxd.com/film/the-pursuit-of-happyness,
46649,2006,,False,,https://letterboxd.com/film/arthur-and-the-invisibles,
51111,2006,,False,,https://letterboxd.com/film/300,
50955,2006,,False,,https://letterboxd.com/film/apocalypto,
46655,2006,,False,,https://letterboxd.com/film/charlottes-web-2006,
46779,2006,,False,,https://letterboxd.com/film/happy-feet,
43614,2006,,False,,https://letterboxd.com/film/the-santa-clause-3-the-escape-clause,
51842,2006,,False,,https://letterboxd.com/film/saw-iii,
51147,2006,,False,,https://letterboxd.com/film/the-prestige,
606834,2006,,False,,https://letterboxd.com/film/death-note-2006,
48013,2006,,False,,https://letterboxd.com/film/open-season,
51042,2006,,False,,https://letterboxd.com/film/the-departed,
44806,2006,,False,,https://letterboxd.com/film/jackass-number-two,
50822,2006,,False,,https://letterboxd.com/film/inland-empire,
49023,2006,,False,,https://letterboxd.com/film/paprika-2006,
46848,2006,,False,,https://letterboxd.com/film/step-up,
46727,2006,,False,,https://letterboxd.com/film/barnyard,
51614,2006,,False,,https://letterboxd.com/film/borat-cultural-learnings-of-america-for-make-benefit-glorious-nation-of-kazakhstan,
46728,2006,,False,,https://letterboxd.com/film/the-ant-bully,
46887,2006,,False,,https://letterboxd.com/film/talladega-nights-the-ballad-of-ricky-bobby,
51989,2006,,False,,https://letterboxd.com/film/pirates-of-the-caribbean-dead-mans-chest,
38484,2006,,False,,https://letterboxd.com/film/leroy-stitch,
47255,2006,,False,,https://letterboxd.com/film/click,
51020,2006,,False,,https://letterboxd.com/film/superman-returns,
51712,2006,,False,,https://letterboxd.com/film/the-devil-wears-prada,
47242,2006,,False,,https://letterboxd.com/film/nacho-libre,
47087,2006,,False,,https://letterboxd.com/film/garfield-a-tail-of-two-kitties,
47295,2006,,False,,https://letterboxd.com/film/monster-house,
46986,2006,,False,,https://letterboxd.com/film/the-fast-and-the-furious-tokyo-drift,
51047,2006,,False,,https://letterboxd.com/film/pans-labyrinth,
50717,2006,,False,,https://letterboxd.com/film/marie-antoinette-2006,
27713,2006,,False,,https://letterboxd.com/film/x-men-the-last-stand,
348439,2006,,False,,https://letterboxd.com/film/kill-bill-the-whole-bloody-affair,
47994,2006,,False,,https://letterboxd.com/film/over-the-hedge,
41408,2006,,False,,https://letterboxd.com/film/a-movie-of-eggs,
49433,2006,,False,,https://letterboxd.com/film/scary-movie-4,
46680,2006,,False,,https://letterboxd.com/film/the-benchwarmers,
46730,2006,,False,,https://letterboxd.com/film/the-wild,
60297,2006,,False,,https://letterboxd.com/film/ice-age-the-meltdown,
46946,2006,,False,,https://letterboxd.com/film/shes-the-man,
51233,2006,,False,,https://letterboxd.com/film/cars,
138205,2006,,False,,https://letterboxd.com/film/planet-earth-2006,
43280,2006,,False,,https://letterboxd.com/film/aquamarine,
44804,2006,,False,,https://letterboxd.com/film/the-pink-panther,
46664,2006,,False,,https://letterboxd.com/film/curious-george,
45747,2006,,False,,https://letterboxd.com/film/high-school-musical,
45718,2005,,False,,https://letterboxd.com/film/hoodwinked,
51400,2005,,False,,https://letterboxd.com/film/v-for-vendetta,
51679,2005,,False,,https://letterboxd.com/film/the-chronicles-of-narnia-the-lion-the-witch-and-the-wardrobe,
50701,2005,,False,,https://letterboxd.com/film/memoirs-of-a-geisha,
51802,2005,,False,,https://letterboxd.com/film/king-kong-2005,
43903,2005,,False,,https://letterboxd.com/film/kronks-new-groove,
51450,2005,,False,,https://letterboxd.com/film/harry-potter-and-the-goblet-of-fire,
46658,2005,,False,,https://letterboxd.com/film/chicken-little-2005,
51841,2005,,False,,https://letterboxd.com/film/saw-ii,
50886,2005,,False,,https://letterboxd.com/film/the-legend-of-zorro,
49390,2005,,False,,https://letterboxd.com/film/pride-prejudice,
49568,2005,,False,,https://letterboxd.com/film/corpse-bride,
51909,2005,,False,,https://letterboxd.com/film/brokeback-mountain,
48160,2005,,False,,https://letterboxd.com/film/the-40-year-old-virgin,
45283,2005,,False,,https://letterboxd.com/film/sky-high-2005,
51932,2005,,False,,https://letterboxd.com/film/charlie-and-the-chocolate-factory,
46869,2005,,False,,https://letterboxd.com/film/fantastic-four-2005,
42209,2005,,False,,https://letterboxd.com/film/tarzan-ii,
43272,2005,,False,,https://letterboxd.com/film/the-adventures-of-sharkboy-and-lavagirl,
51365,2005,,False,,https://letterboxd.com/film/mr-mrs-smith-2005,
51784,2005,,False,,https://letterboxd.com/film/batman-begins,
47301,2005,,False,,https://letterboxd.com/film/the-longest-yard-2005,
50709,2005,,False,,https://letterboxd.com/film/star-wars-episode-iii-revenge-of-the-sith,
51207,2005,,False,,https://letterboxd.com/film/madagascar,
38799,2005,,False,,https://letterboxd.com/film/kim-possible-movie-so-the-drama,
43943,2005,,False,,https://letterboxd.com/film/ice-princess,
47204,2005,,False,,https://letterboxd.com/film/the-descent,
46706,2005,,False,,https://letterboxd.com/film/robots,
46620,2005,,False,,https://letterboxd.com/film/the-pacifier,
44010,2005,,False,,https://letterboxd.com/film/barbie-fairytopia,
46437,2005,,False,,https://letterboxd.com/film/son-of-the-mask,
38809,2005,,False,,https://letterboxd.com/film/lilo-stitch-2-stitch-has-a-glitch,
50211,2004,,False,,https://letterboxd.com/film/spanglish,
51433,2004,,False,,https://letterboxd.com/film/meet-the-fockers,
46782,2004,,False,,https://letterboxd.com/film/the-phantom-of-the-opera-2004,
44965,2004,,False,,https://letterboxd.com/film/the-spongebob-squarepants-movie,
50561,2004,,False,,https://letterboxd.com/film/national-treasure,
46806,2004,,False,,https://letterboxd.com/film/the-incredibles,
48883,2004,,False,,https://letterboxd.com/film/the-polar-express,
50638,2004,,False,,https://letterboxd.com/film/the-grudge,
49531,2004,,False,,https://letterboxd.com/film/team-america-world-police,
38441,2004,,False,,https://letterboxd.com/film/bionicle-2-legends-of-metru-nui,
42550,2004,,False,,https://letterboxd.com/film/barbie-as-the-princess-and-the-pauper,
51848,2004,,False,,https://letterboxd.com/film/hotel-rwanda,
46117,2004,,False,,https://letterboxd.com/film/shark-tale,
49062,2004,,False,,https://letterboxd.com/film/howls-moving-castle,
31450,2004,,False,,https://letterboxd.com/film/superbabies-baby-geniuses-2,
51695,2004,,False,,https://letterboxd.com/film/avp-alien-vs-predator,
51745,2004,,False,,https://letterboxd.com/film/catwoman,
45464,2004,,False,,https://letterboxd.com/film/a-cinderella-story,
47637,2004,,False,,https://letterboxd.com/film/anchorman-the-legend-of-ron-burgundy,
51560,2004,,False,,https://letterboxd.com/film/spider-man-2,
44750,2004,,False,,https://letterboxd.com/film/white-chicks,
47126,2004,,False,,https://letterboxd.com/film/dodgeball-a-true-underdog-story,
47508,2004,,False,,https://letterboxd.com/film/garfield,
51451,2004,,False,,https://letterboxd.com/film/harry-potter-and-the-prisoner-of-azkaban,
575164,2004,,False,,https://letterboxd.com/film/samurai-champloo,
45667,2004,,False,,https://letterboxd.com/film/the-notebook,
51343,2004,,False,,https://letterboxd.com/film/shrek-2,
51472,2004,,False,,https://letterboxd.com/film/troy,
46049,2004,,False,,https://letterboxd.com/film/mean-girls,
46551,2004,,False,,https://letterboxd.com/film/13-going-on-30,
43088,2004,,False,,https://letterboxd.com/film/ella-enchanted,
51696,2004,,False,,https://letterboxd.com/film/kill-bill-vol-2,
43667,2004,,False,,https://letterboxd.com/film/home-on-the-range,
45679,2004,,False,,https://letterboxd.com/film/scooby-doo-2-monsters-unleashed,
48801,2004,,False,,https://letterboxd.com/film/the-chorus,
2683,2004,,False,,https://letterboxd.com/film/eternal-sunshine-of-the-spotless-mind,
51508,2004,,False,,https://letterboxd.com/film/the-passion-of-the-christ,
50773,2004,,False,,https://letterboxd.com/film/50-first-dates,
51970,2004,,False,,https://letterboxd.com/film/before-sunset,
43194,2004,,False,,https://letterboxd.com/film/miracle,
45305,2004,,False,,https://letterboxd.com/film/the-lion-king-3-hakuna-matata,
51875,2004,,False,,https://letterboxd.com/film/saw,
49254,2004,,False,,https://letterboxd.com/film/the-machinist,
47867,2004,,False,,https://letterboxd.com/film/napoleon-dynamite,
22663,2003,,False,,https://letterboxd.com/film/young-black-stallion,
46072,2003,,False,,https://letterboxd.com/film/peter-pan-2003,
51533,2003,,False,,https://letterboxd.com/film/big-fish,
51931,2003,,False,,https://letterboxd.com/film/the-lord-of-the-rings-2003,
51928,2003,,False,,https://letterboxd.com/film/the-lord-of-the-rings-the-return-of-the-king,
14049,2003,,False,,https://letterboxd.com/film/kim-possible-a-sitch-in-time,
51454,2003,,False,,https://letterboxd.com/film/oldboy,
46084,2003,,False,,https://letterboxd.com/film/the-cat-in-the-hat-2003,
51516,2003,,False,,https://letterboxd.com/film/the-matrix-revolutions,
49434,2003,,False,,https://letterboxd.com/film/scary-movie-3,
46633,2003,,False,,https://letterboxd.com/film/brother-bear,
172327,2003,,False,,https://letterboxd.com/film/saw-2003,
45959,2003,,False,,https://letterboxd.com/film/elf,
50950,2003,,False,,https://letterboxd.com/film/school-of-rock,
2694,2003,,False,,https://letterboxd.com/film/kill-bill-vol-1,
51602,2003,,False,,https://letterboxd.com/film/love-actually,
51898,2003,,False,,https://letterboxd.com/film/lost-in-translation,
35454,2003,,False,,https://letterboxd.com/film/george-of-the-jungle-2,
46331,2003,,False,,https://letterboxd.com/film/freaky-friday-2003,
44637,2003,,False,,https://letterboxd.com/film/spy-kids-3-d-game-over,
2695,2003,,False,,https://letterboxd.com/film/pirates-of-the-caribbean-the-curse-of-the-black-pearl,
40988,2003,,False,,https://letterboxd.com/film/the-room,
43115,2003,,False,,https://letterboxd.com/film/sinbad-legend-of-the-seven-seas,
50678,2003,,False,,https://letterboxd.com/film/hulk,
2705,2003,,False,,https://letterboxd.com/film/finding-nemo,
51749,2003,,False,,https://letterboxd.com/film/bruce-almighty,
51517,2003,,False,,https://letterboxd.com/film/the-matrix-reloaded,
27722,2003,,False,,https://letterboxd.com/film/x2,
47806,2003,,False,,https://letterboxd.com/film/holes,
39423,2003,,False,,https://letterboxd.com/film/inspector-gadget-2,
46715,2003,,False,,https://letterboxd.com/film/how-to-lose-a-guy-in-10-days,
42748,2003,,False,,https://letterboxd.com/film/the-jungle-book-2,
47237,2003,,False,,https://letterboxd.com/film/final-destination-2,
45680,2003,,False,,https://letterboxd.com/film/thirteen,
51929,2002,,False,,https://letterboxd.com/film/the-lord-of-the-rings-the-two-towers,
51484,2002,,False,,https://letterboxd.com/film/catch-me-if-you-can-2002,
50960,2002,,False,,https://letterboxd.com/film/chicago,
44950,2002,,False,,https://letterboxd.com/film/the-hot-chick,
47426,2002,,False,,https://letterboxd.com/film/treasure-planet,
51452,2002,,False,,https://letterboxd.com/film/harry-potter-and-the-chamber-of-secrets,
47430,2002,,False,,https://letterboxd.com/film/jackass-the-movie,
51553,2002,,False,,https://letterboxd.com/film/the-ring-2002,
42668,2002,,False,,https://letterboxd.com/film/barbie-as-rapunzel,
47422,2002,,False,,https://letterboxd.com/film/the-santa-clause-2,
51096,2002,,False,,https://letterboxd.com/film/frida,
47110,2002,,False,,https://letterboxd.com/film/spy-kids-2-the-island-of-lost-dreams,
51334,2002,,False,,https://letterboxd.com/film/austin-powers-in-goldmember,
45706,2002,,False,,https://letterboxd.com/film/stuart-little-2,
41989,2002,,False,,https://letterboxd.com/film/devdas-2002,
51513,2002,,False,,https://letterboxd.com/film/men-in-black-ii,
45204,2002,,False,,https://letterboxd.com/film/lilo-stitch,
46964,2002,,False,,https://letterboxd.com/film/scooby-doo,
47420,2002,,False,,https://letterboxd.com/film/spirit-stallion-of-the-cimarron,
51672,2002,,False,,https://letterboxd.com/film/the-pianist,
50710,2002,,False,,https://letterboxd.com/film/star-wars-episode-ii-attack-of-the-clones,
51561,2002,,False,,https://letterboxd.com/film/spider-man,
51646,2002,,False,,https://letterboxd.com/film/bend-it-like-beckham,
49259,2002,,False,,https://letterboxd.com/film/panic-room,
51670,2002,,False,,https://letterboxd.com/film/ice-age,
33952,2002,,False,,https://letterboxd.com/film/a-charlie-brown-valentine,
44918,2002,,False,,https://letterboxd.com/film/snow-dogs,
51297,2001,,False,,https://letterboxd.com/film/black-hawk-down,
45925,2001,,False,,https://letterboxd.com/film/kabhi-khushi-kabhie-gham,
51648,2001,,False,,https://letterboxd.com/film/a-beautiful-mind,
47698,2001,,False,,https://letterboxd.com/film/ali,
51930,2001,,False,,https://letterboxd.com/film/the-lord-of-the-rings-the-fellowship-of-the-ring,
44450,2001,,False,,https://letterboxd.com/film/jimmy-neutron-boy-genius,
51890,2001,,False,,https://letterboxd.com/film/oceans-eleven-2001,
51453,2001,,False,,https://letterboxd.com/film/harry-potter-and-the-philosophers-stone,
51535,2001,,False,,https://letterboxd.com/film/monsters-inc,
42244,2001,,False,,https://letterboxd.com/film/scooby-doo-and-the-cyber-chase,
47198,2001,,False,,https://letterboxd.com/film/zoolander,
143932,2001,,False,,https://letterboxd.com/film/the-blue-planet,
44431,2001,,False,,https://letterboxd.com/film/osmosis-jones,
50101,2001,,False,,https://letterboxd.com/film/american-pie-2,
46753,2001,,False,,https://letterboxd.com/film/the-princess-diaries,
29884,2001,,False,,https://letterboxd.com/film/millennium-actress,
51921,2001,,False,,https://letterboxd.com/film/spirited-away,
51731,2001,,False,,https://letterboxd.com/film/jurassic-park-iii,
47586,2001,,False,,https://letterboxd.com/film/legally-blonde,
45025,2001,,False,,https://letterboxd.com/film/shaolin-soccer,
49442,2001,,False,,https://letterboxd.com/film/scary-movie-2,
45709,2001,,False,,https://letterboxd.com/film/cats-dogs,
46813,2001,,False,,https://letterboxd.com/film/the-fast-and-the-furious-2001,
50617,2001,,False,,https://letterboxd.com/film/lara-croft-tomb-raider,
45820,2001,,False,,https://letterboxd.com/film/atlantis-the-lost-empire,
51448,2001,,False,,https://letterboxd.com/film/pearl-harbor,
51171,2001,,False,,https://letterboxd.com/film/mulholland-drive,
51344,2001,,False,,https://letterboxd.com/film/shrek,
51328,2001,,False,,https://letterboxd.com/film/moulin-rouge-2001,
50818,2001,,False,,https://letterboxd.com/film/the-mummy-returns,
51858,2001,,False,,https://letterboxd.com/film/amelie,
49503,2001,,False,,https://letterboxd.com/film/blow,
46590,2001,,False,,https://letterboxd.com/film/spy-kids,
47122,2001,,False,,https://letterboxd.com/film/a-knights-tale,
51384,2001,,False,,https://letterboxd.com/film/from-hell,
51910,2001,,False,,https://letterboxd.com/film/donnie-darko,
51006,2000,,False,,https://letterboxd.com/film/miss-congeniality,
45065,2000,,False,,https://letterboxd.com/film/the-emperors-new-groove,
47553,2000,,False,,https://letterboxd.com/film/how-the-grinch-stole-christmas-2000,
49396,2000,,False,,https://letterboxd.com/film/charlies-angels,
46926,2000,,False,,https://letterboxd.com/film/little-nicky,
50937,2000,,False,,https://letterboxd.com/film/meet-the-parents,
46037,2000,,False,,https://letterboxd.com/film/remember-the-titans,
50946,2000,,False,,https://letterboxd.com/film/bring-it-on,
41760,2000,,False,,https://letterboxd.com/film/buzz-lightyear-of-star-command-the-adventure-begins,
27723,2000,,False,,https://letterboxd.com/film/x-men,
49443,2000,,False,,https://letterboxd.com/film/scary-movie-2000,
50589,2000,,False,,https://letterboxd.com/film/the-patriot-2000,
48033,2000,,False,,https://letterboxd.com/film/chicken-run,
43479,2000,,False,,https://letterboxd.com/film/for-the-birds,
51309,2000,,False,,https://letterboxd.com/film/in-the-mood-for-love,
46105,2000,,False,,https://letterboxd.com/film/dinosaur,
51905,2000,,False,,https://letterboxd.com/film/crouching-tiger-hidden-dragon,
51483,2000,,False,,https://letterboxd.com/film/requiem-for-a-dream,
48830,2000,,False,,https://letterboxd.com/film/battlefield-earth,
51952,2000,,False,,https://letterboxd.com/film/gladiator-2000,
46168,2000,,False,,https://letterboxd.com/film/the-road-to-el-dorado,
42212,2000,,False,,https://letterboxd.com/film/an-extremely-goofy-movie,
45794,2000,,False,,https://letterboxd.com/film/the-little-mermaid-ii-return-to-the-sea,
51097,2000,,False,,https://letterboxd.com/film/american-psycho,
50505,2000,,False,,https://letterboxd.com/film/me-myself-irene,
15684,1999,,False,,https://letterboxd.com/film/fantasia-2000,
46512,1999,,False,,https://letterboxd.com/film/stuart-little,
51138,1999,,False,,https://letterboxd.com/film/the-talented-mr-ripley,
50158,1999,,False,,https://letterboxd.com/film/sleepy-hollow,
35522,1999,,False,,https://letterboxd.com/film/annie-1999,
42402,1999,,False,,https://letterboxd.com/film/mickeys-once-upon-a-christmas,
51289,1999,,False,,https://letterboxd.com/film/toy-story-2,
51568,1999,,False,,https://letterboxd.com/film/fight-club,
46280,1999,,False,,https://letterboxd.com/film/the-iron-giant,
47513,1999,,False,,https://letterboxd.com/film/deep-blue-sea,
51730,1999,,False,,https://letterboxd.com/film/inspector-gadget,
51717,1999,,False,,https://letterboxd.com/film/eyes-wide-shut,
50521,1999,,False,,https://letterboxd.com/film/american-pie,
47411,1999,,False,,https://letterboxd.com/film/big-daddy,
47125,1999,,False,,https://letterboxd.com/film/south-park-bigger-longer-uncut,
27285,1999,,False,,https://letterboxd.com/film/tarzan,
51335,1999,,False,,https://letterboxd.com/film/austin-powers-the-spy-who-shagged-me,
51024,1999,,False,,https://letterboxd.com/film/the-virgin-suicides,
50711,1999,,False,,https://letterboxd.com/film/star-wars-episode-i-the-phantom-menace,
51554,1999,,False,,https://letterboxd.com/film/the-mummy-1999,
49047,1999,,False,,https://letterboxd.com/film/10-things-i-hate-about-you,
51518,1999,,False,,https://letterboxd.com/film/the-matrix,
47065,1999,,False,,https://letterboxd.com/film/analyze-this,
46345,1999,,False,,https://letterboxd.com/film/shes-all-that,
50159,1999,,False,,https://letterboxd.com/film/the-blair-witch-project,
46778,1998,,False,,https://letterboxd.com/film/the-prince-of-egypt,
47111,1998,,False,,https://letterboxd.com/film/a-bugs-life,
46012,1998,,False,,https://letterboxd.com/film/the-waterboy,
46875,1998,,False,,https://letterboxd.com/film/the-lion-king-ii-simbas-pride,
44948,1998,,False,,https://letterboxd.com/film/kuch-kuch-hota-hai,
35195,1998,,False,,https://letterboxd.com/film/cats,
44096,1998,,False,,https://letterboxd.com/film/scooby-doo-on-zombie-island,
47511,1998,,False,,https://letterboxd.com/film/antz,
46794,1998,,False,,https://letterboxd.com/film/the-parent-trap-1998,
51295,1998,,False,,https://letterboxd.com/film/saving-private-ryan,
47252,1998,,False,,https://letterboxd.com/film/the-mask-of-zorro,
49921,1998,,False,,https://letterboxd.com/film/doctor-dolittle-1998,
46001,1998,,False,,https://letterboxd.com/film/mulan,
27256,1998,,False,,https://letterboxd.com/film/the-truman-show,
50725,1998,,False,,https://letterboxd.com/film/fear-and-loathing-in-las-vegas,
607221,1998,,False,,https://letterboxd.com/film/cowboy-bebop,
47280,1998,,False,,https://letterboxd.com/film/the-man-in-the-iron-mask-1998,
51487,1997,,False,,https://letterboxd.com/film/life-is-beautiful,
46891,1997,,False,,https://letterboxd.com/film/home-alone-3,
51621,1997,,False,,https://letterboxd.com/film/good-will-hunting,
47026,1997,,False,,https://letterboxd.com/film/flubber,
43480,1997,,False,,https://letterboxd.com/film/geris-game,
47887,1997,,False,,https://letterboxd.com/film/alien-resurrection,
51524,1997,,False,,https://letterboxd.com/film/titanic-1997,
50780,1997,,False,,https://letterboxd.com/film/the-devils-advocate,
40368,1997,,False,,https://letterboxd.com/film/gummo,
38818,1997,,False,,https://letterboxd.com/film/air-bud,
46071,1997,,False,,https://letterboxd.com/film/george-of-the-jungle,
51922,1997,,False,,https://letterboxd.com/film/princess-mononoke,
46175,1997,,False,,https://letterboxd.com/film/perfect-blue,
51514,1997,,False,,https://letterboxd.com/film/men-in-black,
44838,1997,,False,,https://letterboxd.com/film/hercules-1997,
51732,1997,,False,,https://letterboxd.com/film/the-lost-world-jurassic-park,
51336,1997,,False,,https://letterboxd.com/film/austin-powers-international-man-of-mystery,
2699,1997,,False,,https://letterboxd.com/film/the-fifth-element,
45310,1997,,False,,https://letterboxd.com/film/honey-we-shrunk-ourselves,
50916,1997,,False,,https://letterboxd.com/film/liar-liar,
41874,1997,,False,,https://letterboxd.com/film/selena,
46123,1996,,False,,https://letterboxd.com/film/hamlet-1996,
49807,1996,,False,,https://letterboxd.com/film/beavis-and-butt-head-do-america,
45079,1996,,False,,https://letterboxd.com/film/101-dalmatians,
47313,1996,,False,,https://letterboxd.com/film/jingle-all-the-way,
50349,1996,,False,,https://letterboxd.com/film/space-jam,
51647,1996,,False,,https://letterboxd.com/film/romeo-juliet-1996,
48115,1996,,False,,https://letterboxd.com/film/jack-1996,
45855,1996,,False,,https://letterboxd.com/film/matilda,
45205,1996,,False,,https://letterboxd.com/film/kingpin,
47267,1996,,False,,https://letterboxd.com/film/the-nutty-professor-1996,
46127,1996,,False,,https://letterboxd.com/film/the-hunchback-of-notre-dame-1996,
46740,1996,,False,,https://letterboxd.com/film/the-cable-guy,
45471,1996,,False,,https://letterboxd.com/film/aladdin-and-the-king-of-thieves,
51781,1996,,False,,https://letterboxd.com/film/fargo,
45702,1996,,False,,https://letterboxd.com/film/the-birdcage,
51497,1996,,False,,https://letterboxd.com/film/trainspotting,
45811,1996,,False,,https://letterboxd.com/film/muppet-treasure-island,
46987,1996,,False,,https://letterboxd.com/film/happy-gilmore,
47577,1995,,False,,https://letterboxd.com/film/jumanji,
47319,1995,,False,,https://letterboxd.com/film/ace-ventura-when-nature-calls,
51290,1995,,False,,https://letterboxd.com/film/toy-story,
47270,1995,,False,,https://letterboxd.com/film/ghost-in-the-shell,
51345,1995,,False,,https://letterboxd.com/film/se7en,
45489,1995,,False,,https://letterboxd.com/film/fallen-angels,
47281,1995,,False,,https://letterboxd.com/film/mortal-kombat,
46808,1995,,False,,https://letterboxd.com/film/waterworld,
47003,1995,,False,,https://letterboxd.com/film/babe,
46998,1995,,False,,https://letterboxd.com/film/clueless,
46142,1995,,False,,https://letterboxd.com/film/pocahontas,
51678,1995,,False,,https://letterboxd.com/film/batman-forever,
51684,1995,,False,,https://letterboxd.com/film/la-haine,
47582,1995,,False,,https://letterboxd.com/film/casper,
51855,1995,,False,,https://letterboxd.com/film/braveheart,
42101,1995,,False,,https://letterboxd.com/film/a-goofy-movie,
45353,1995,,False,,https://letterboxd.com/film/tommy-boy,
45686,1995,,False,,https://letterboxd.com/film/billy-madison,
51974,1995,,False,,https://letterboxd.com/film/before-sunrise,
47705,1994,,False,,https://letterboxd.com/film/dumb-and-dumber,
45339,1994,,False,,https://letterboxd.com/film/the-santa-clause,
51595,1994,,False,,https://letterboxd.com/film/ed-wood,
51778,1994,,False,,https://letterboxd.com/film/the-shawshank-redemption,
45795,1994,,False,,https://letterboxd.com/film/the-little-rascals,
51298,1994,,False,,https://letterboxd.com/film/the-mask-1994,
27450,1994,,False,,https://letterboxd.com/film/true-lies,
2704,1994,,False,,https://letterboxd.com/film/forrest-gump,
47677,1994,,False,,https://letterboxd.com/film/the-lion-king,
51444,1994,,False,,https://letterboxd.com/film/pulp-fiction,
41941,1994,,False,,https://letterboxd.com/film/the-return-of-jafar,
47104,1994,,False,,https://letterboxd.com/film/the-crow,
49922,1994,,False,,https://letterboxd.com/film/ace-ventura-pet-detective,
51671,1993,,False,,https://letterboxd.com/film/schindlers-list,
51364,1993,,False,,https://letterboxd.com/film/mrs-doubtfire,
47119,1993,,False,,https://letterboxd.com/film/the-nightmare-before-christmas,
50947,1993,,False,,https://letterboxd.com/film/whats-eating-gilbert-grape,
47933,1993,,False,,https://letterboxd.com/film/robin-hood-men-in-tights,
46229,1993,,False,,https://letterboxd.com/film/hocus-pocus,
51733,1993,,False,,https://letterboxd.com/film/jurassic-park,
47029,1993,,False,,https://letterboxd.com/film/dazed-and-confused,
38397,1993,,False,,https://letterboxd.com/film/naked,
45220,1993,,False,,https://letterboxd.com/film/the-sandlot,
51000,1993,,False,,https://letterboxd.com/film/teenage-mutant-ninja-turtles-iii,
51914,1993,,False,,https://letterboxd.com/film/groundhog-day,
46233,1992,,False,,https://letterboxd.com/film/chaplin,
46231,1992,,False,,https://letterboxd.com/film/the-muppet-christmas-carol,
51380,1992,,False,,https://letterboxd.com/film/home-alone-2-lost-in-new-york,
51340,1992,,False,,https://letterboxd.com/film/aladdin,
46253,1992,,False,,https://letterboxd.com/film/the-mighty-ducks,
41656,1992,,False,,https://letterboxd.com/film/3-ninjas,
51709,1992,,False,,https://letterboxd.com/film/batman-returns,
50608,1992,,False,,https://letterboxd.com/film/sister-act,
47888,1992,,False,,https://letterboxd.com/film/alien-3,
51610,1992,,False,,https://letterboxd.com/film/reservoir-dogs,
46622,1991,,False,,https://letterboxd.com/film/beauty-and-the-beast-1991,
50893,1991,,False,,https://letterboxd.com/film/bill-teds-bogus-journey,
51776,1991,,False,,https://letterboxd.com/film/terminator-2-judgment-day,
51273,1991,,False,,https://letterboxd.com/film/hook,
51782,1991,,False,,https://letterboxd.com/film/the-silence-of-the-lambs,
51814,1990,,False,,https://letterboxd.com/film/the-godfather-part-iii,
51889,1990,,False,,https://letterboxd.com/film/edward-scissorhands,
51882,1990,,False,,https://letterboxd.com/film/predator-2,
51081,1990,,False,,https://letterboxd.com/film/rocky-v,
51381,1990,,False,,https://letterboxd.com/film/home-alone,
51383,1990,,False,,https://letterboxd.com/film/goodfellas,
51225,1990,,False,,https://letterboxd.com/film/gremlins-2-the-new-batch,
51856,1990,,False,,https://letterboxd.com/film/back-to-the-future-part-iii,
31355,1990,,False,,https://letterboxd.com/film/paris-is-burning,
51936,1990,,False,,https://letterboxd.com/film/pretty-woman,
51886,1989,,False,,https://letterboxd.com/film/back-to-the-future-part-ii,
45250,1989,,False,,https://letterboxd.com/film/all-dogs-go-to-heaven,
46505,1989,,False,,https://letterboxd.com/film/the-little-mermaid,
41360,1989,,False,,https://letterboxd.com/film/kikis-delivery-service,
47241,1989,,False,,https://letterboxd.com/film/honey-i-shrunk-the-kids,
51788,1989,,False,,https://letterboxd.com/film/batman-1989,
46174,1989,,False,,https://letterboxd.com/film/the-karate-kid-part-iii,
51846,1989,,False,,https://letterboxd.com/film/dead-poets-society,
51961,1989,,False,,https://letterboxd.com/film/indiana-jones-and-the-last-crusade,
50894,1989,,False,,https://letterboxd.com/film/bill-teds-excellent-adventure,
27284,1988,,False,,https://letterboxd.com/film/the-naked-gun-from-the-files-of-police-squad,
44758,1988,,False,,https://letterboxd.com/film/the-land-before-time,
46087,1988,,False,,https://letterboxd.com/film/childs-play,
48730,1988,,False,,https://letterboxd.com/film/elvira-mistress-of-the-dark,
45493,1988,,False,,https://letterboxd.com/film/cinema-paradiso,
43482,1988,,False,,https://letterboxd.com/film/tin-toy,
46999,1988,,False,,https://letterboxd.com/film/coming-to-america,
51296,1988,,False,,https://letterboxd.com/film/who-framed-roger-rabbit,
51902,1988,,False,,https://letterboxd.com/film/akira,
41672,1988,,False,,https://letterboxd.com/film/killer-klowns-from-outer-space,
44558,1988,,False,,https://letterboxd.com/film/grave-of-the-fireflies,
47756,1988,,False,,https://letterboxd.com/film/my-neighbor-totoro,
49530,1988,,False,,https://letterboxd.com/film/beetlejuice,
45063,1988,,False,,https://letterboxd.com/film/bloodsport,
33091,1988,,False,,https://letterboxd.com/film/stand-and-deliver,
44033,1987,,False,,https://letterboxd.com/film/a-muppet-family-christmas,
50226,1987,,False,,https://letterboxd.com/film/the-princess-bride,
47438,1987,,False,,https://letterboxd.com/film/hellraiser,
43087,1987,,False,,https://letterboxd.com/film/the-garbage-pail-kids-movie,
51203,1987,,False,,https://letterboxd.com/film/spaceballs,
51521,1987,,False,,https://letterboxd.com/film/full-metal-jacket,
51944,1987,,False,,https://letterboxd.com/film/predator,
51933,1987,,False,,https://letterboxd.com/film/the-untouchables,
39613,1986,,False,,https://letterboxd.com/film/captain-eo,
51359,1986,,False,,https://letterboxd.com/film/blue-velvet,
47171,1986,,False,,https://letterboxd.com/film/the-fly-1986,
51445,1986,,False,,https://letterboxd.com/film/aliens,
47565,1986,,False,,https://letterboxd.com/film/the-karate-kid-part-ii,
47219,1986,,False,,https://letterboxd.com/film/ferris-buellers-day-off,
51408,1986,,False,,https://letterboxd.com/film/top-gun,
16681,1985,,False,,https://letterboxd.com/film/the-life-adventures-of-santa-claus,
51082,1985,,False,,https://letterboxd.com/film/rocky-iv-rocky-vs-drago-1985-ultimate-directors,
44976,1985,,False,,https://letterboxd.com/film/teen-wolf,
48729,1985,,False,,https://letterboxd.com/film/pee-wees-big-adventure,
36192,1985,,False,,https://letterboxd.com/film/come-and-see,
51945,1985,,False,,https://letterboxd.com/film/back-to-the-future,
51087,1985,,False,,https://letterboxd.com/film/rambo-first-blood-part-ii,
50518,1985,,False,,https://letterboxd.com/film/the-breakfast-club,
51311,1984,,False,,https://letterboxd.com/film/dune,
37004,1984,,False,,https://letterboxd.com/film/stop-making-sense,
51708,1984,,False,,https://letterboxd.com/film/a-nightmare-on-elm-street,
51777,1984,,False,,https://letterboxd.com/film/amadeus,
50718,1984,,False,,https://letterboxd.com/film/the-karate-kid,
51226,1984,,False,,https://letterboxd.com/film/gremlins,
6166,1984,,False,,https://letterboxd.com/film/ghostbusters,
51469,1984,,False,,https://letterboxd.com/film/paris-texas,
51963,1984,,False,,https://letterboxd.com/film/indiana-jones-and-the-temple-of-doom,
51939,1983,,False,,https://letterboxd.com/film/scarface-1983,
51302,1983,,False,,https://letterboxd.com/film/a-christmas-story-1983,
40388,1983,,False,,https://letterboxd.com/film/easy-money,
47248,1983,,False,,https://letterboxd.com/film/risky-business,
50919,1983,,False,,https://letterboxd.com/film/trading-places,
50712,1983,,False,,https://letterboxd.com/film/return-of-the-jedi,
51292,1983,,False,,https://letterboxd.com/film/wargames,
51829,1983,,False,,https://letterboxd.com/film/the-outsiders,
51088,1982,,False,,https://letterboxd.com/film/first-blood,
30660,1982,,False,,https://letterboxd.com/film/vincent,
51953,1982,,False,,https://letterboxd.com/film/tron,
51972,1982,,False,,https://letterboxd.com/film/blade-runner,
51155,1982,,False,,https://letterboxd.com/film/the-thing,
51085,1982,,False,,https://letterboxd.com/film/rocky-iii,
51520,1982,,False,,https://letterboxd.com/film/et-the-extra-terrestrial,
42137,1982,,False,,https://letterboxd.com/film/annie,
42206,1981,,False,,https://letterboxd.com/film/mommie-dearest,
45746,1981,,False,,https://letterboxd.com/film/the-fox-and-the-hound,
46493,1981,,False,,https://letterboxd.com/film/history-of-the-world-part-i,
51965,1981,,False,,https://letterboxd.com/film/raiders-of-the-lost-ark,
47693,1980,,False,,https://letterboxd.com/film/superman-ii,
50956,1980,,False,,https://letterboxd.com/film/raging-bull,
44831,1980,,False,,https://letterboxd.com/film/caddyshack,
51339,1980,,False,,https://letterboxd.com/film/airplane,
51592,1980,,False,,https://letterboxd.com/film/the-blues-brothers,
51432,1980,,False,,https://letterboxd.com/film/the-shining,
50713,1980,,False,,https://letterboxd.com/film/the-empire-strikes-back,
35243,1979,,False,,https://letterboxd.com/film/jack-frost-1979,
326949,1979,,False,,https://letterboxd.com/film/caspers-halloween-special,
51089,1979,,False,,https://letterboxd.com/film/rocky-ii,
51062,1979,,False,,https://letterboxd.com/film/stalker,
51714,1979,,False,,https://letterboxd.com/film/alien,
2690,1979,,False,,https://letterboxd.com/film/apocalypse-now,
60298,1978,,False,,https://letterboxd.com/film/halloween-1978,
47703,1978,,False,,https://letterboxd.com/film/animal-house,
51503,1978,,False,,https://letterboxd.com/film/grease,
51541,1978,,False,,https://letterboxd.com/film/jaws-2,
45693,1977,,False,,https://letterboxd.com/film/saturday-night-fever,
35925,1977,,False,,https://letterboxd.com/film/house,
2706,1977,,False,,https://letterboxd.com/film/star-wars,
51184,1977,,False,,https://letterboxd.com/film/eraserhead,
174908,1977,,False,,https://letterboxd.com/film/the-many-adventures-of-winnie-the-pooh,
51090,1976,,False,,https://letterboxd.com/film/rocky,
51358,1976,,False,,https://letterboxd.com/film/the-omen,
51947,1976,,False,,https://letterboxd.com/film/taxi-driver,
48865,1975,,False,,https://letterboxd.com/film/salo-or-the-120-days-of-sodom,
51542,1975,,False,,https://letterboxd.com/film/jaws,
51390,1975,,False,,https://letterboxd.com/film/monty-python-and-the-holy-grail,
51816,1974,,False,,https://letterboxd.com/film/the-godfather-part-ii,
31985,1974,,False,,https://letterboxd.com/film/the-texas-chain-saw-massacre,
45631,1974,,False,,https://letterboxd.com/film/blazing-saddles,
47048,1973,,False,,https://letterboxd.com/film/the-exorcist,
47403,1973,,False,,https://letterboxd.com/film/serpico,
43857,1973,,False,,https://letterboxd.com/film/a-charlie-brown-thanksgiving,
47805,1973,,False,,https://letterboxd.com/film/the-holy-mountain,
41663,1973,,False,,https://letterboxd.com/film/fantastic-planet,
51818,1972,,False,,https://letterboxd.com/film/the-godfather,
51867,1971,,False,,https://letterboxd.com/film/a-clockwork-orange,
51804,1971,,False,,https://letterboxd.com/film/willy-wonka-the-chocolate-factory,
43919,1970,,False,,https://letterboxd.com/film/santa-claus-is-comin-to-town,
46537,1970,,False,,https://letterboxd.com/film/the-aristocats,
43689,1969,,False,,https://letterboxd.com/film/frosty-the-snowman,
42424,1969,,False,,https://letterboxd.com/film/a-boy-named-charlie-brown,
51347,1968,,False,,https://letterboxd.com/film/rosemarys-baby,
48514,1968,,False,,https://letterboxd.com/film/romeo-and-juliet-1968,
51987,1968,,False,,https://letterboxd.com/film/2001-a-space-odyssey,
47269,1967,,False,,https://letterboxd.com/film/the-jungle-book,
51666,1966,,False,,https://letterboxd.com/film/the-good-the-bad-and-the-ugly,
43940,1966,,False,,https://letterboxd.com/film/how-the-grinch-stole-christmas,
43961,1966,,False,,https://letterboxd.com/film/its-the-great-pumpkin-charlie-brown,
50163,1966,,False,,https://letterboxd.com/film/batman-1966,
51215,1965,,False,,https://letterboxd.com/film/for-a-few-dollars-more,
44066,1965,,False,,https://letterboxd.com/film/a-charlie-brown-christmas,
43936,1964,,False,,https://letterboxd.com/film/rudolph-the-red-nosed-reindeer,
49601,1964,,False,,https://letterboxd.com/film/onibaba,
51698,1964,,False,,https://letterboxd.com/film/a-fistful-of-dollars,
51422,1964,,False,,https://letterboxd.com/film/a-hard-days-night,
51218,1964,,False,,https://letterboxd.com/film/dr-strangelove-or-how-i-learned-to-stop-worrying-and-love-the-bomb,
49129,1963,,False,,https://letterboxd.com/film/charade,
44542,1963,,False,,https://letterboxd.com/film/high-and-low,
51673,1963,,False,,https://letterboxd.com/film/8-half,
51526,1962,,False,,https://letterboxd.com/film/to-kill-a-mockingbird,
60299,1962,,False,,https://letterboxd.com/film/lawrence-of-arabia,
50826,1961,,False,,https://letterboxd.com/film/west-side-story,
44681,1961,,False,,https://letterboxd.com/film/one-hundred-and-one-dalmatians,
51578,1960,,False,,https://letterboxd.com/film/psycho,
51817,1959,,False,,https://letterboxd.com/film/some-like-it-hot,
45803,1959,,False,,https://letterboxd.com/film/sleeping-beauty,
44985,1958,,False,,https://letterboxd.com/film/the-fly,
51194,1957,,False,,https://letterboxd.com/film/paths-of-glory,
51700,1957,,False,,https://letterboxd.com/film/12-angry-men,
51620,1957,,False,,https://letterboxd.com/film/the-seventh-seal,
48188,1956,,False,,https://letterboxd.com/film/the-ten-commandments-1956,
51835,1955,,False,,https://letterboxd.com/film/rebel-without-a-cause,
46321,1955,,False,,https://letterboxd.com/film/lady-and-the-tramp,
51716,1954,,False,,https://letterboxd.com/film/seven-samurai,
45983,1953,,False,,https://letterboxd.com/film/peter-pan,
49595,1952,,False,,https://letterboxd.com/film/ikiru,
51280,1952,,False,,https://letterboxd.com/film/singin-in-the-rain,
44808,1951,,False,,https://letterboxd.com/film/alice-in-wonderland-1951,
45485,1950,,False,,https://letterboxd.com/film/cinderella,
50949,1946,,False,,https://letterboxd.com/film/its-a-wonderful-life,
51770,1942,,False,,https://letterboxd.com/film/casablanca,
49816,1942,,False,,https://letterboxd.com/film/bambi,
45374,1941,,False,,https://letterboxd.com/film/dumbo,
2702,1941,,False,,https://letterboxd.com/film/citizen-kane,
51396,1940,,False,,https://letterboxd.com/film/fantasia,
51238,1940,,False,,https://letterboxd.com/film/the-great-dictator,
45797,1940,,False,,https://letterboxd.com/film/pinocchio,
51494,1939,,False,,https://letterboxd.com/film/the-wizard-of-oz-1939,
51682,1937,,False,,https://letterboxd.com/film/snow-white-and-the-seven-dwarfs,
49889,1936,,False,,https://letterboxd.com/film/modern-times,
49930,1931,,False,,https://letterboxd.com/film/frankenstein-1931,
51913,1931,,False,,https://letterboxd.com/film/dracula,
51251,1931,,False,,https://letterboxd.com/film/city-lights,
74218,1929,,False,,https://letterboxd.com/film/the-skeleton-dance,
51498,1929,,False,,https://letterboxd.com/film/un-chien-andalou,
12402,1928,,False,,https://letterboxd.com/film/steamboat-willie,
51372,1928,,False,,https://letterboxd.com/film/the-passion-of-joan-of-arc,
51201,1925,,False,,https://letterboxd.com/film/the-gold-rush,
51471,1922,,False,,https://letterboxd.com/film/nosferatu,
46549,1921,,False,,https://letterboxd.com/film/the-kid,
50547,1916,,False,,https://letterboxd.com/film/the-rink,
139477,1878,,False,,https://letterboxd.com/film/sallie-gardner-at-a-gallop,
